dbpedia_1301+musicbrainz_3431,0.0
musicbrainz_30061+dbpedia_872,0.0
musicbrainz_9553+dbpedia_2761,0.0
musicbrainz_18395+dbpedia_9168,0.0
dbpedia_1496+musicbrainz_9211,0.16666666666666666
musicbrainz_5767+dbpedia_58,0.16666666666666666
musicbrainz_4539+dbpedia_443,0.16666666666666666
musicbrainz_3663+dbpedia_1727,0.16666666666666666
musicbrainz_24531+dbpedia_442,0.16666666666666666
musicbrainz_1779+dbpedia_6133+dbpedia_1484,0.2222222222222222
musicbrainz_5739+dbpedia_7615,0.3333333333333333
musicbrainz_9862+dbpedia_1147+musicbrainz_9860,0.3333333333333333
musicbrainz_6465+dbpedia_3136,0.3333333333333333
musicbrainz_30075+dbpedia_388,0.3333333333333333
musicbrainz_3529+dbpedia_2599,0.3333333333333333
dbpedia_6102+musicbrainz_1501,0.3333333333333333
musicbrainz_32279+dbpedia_5687,0.3333333333333333
dbpedia_9516+musicbrainz_13340,0.3333333333333333
dbpedia_6682+musicbrainz_20740,0.3333333333333333
dbpedia_10512+musicbrainz_21337,0.3333333333333333
musicbrainz_1548+dbpedia_7030,0.3333333333333333
musicbrainz_25012+musicbrainz_25051+musicbrainz_25050+dbpedia_6680,0.3333333333333333
dbpedia_2774+musicbrainz_20603,0.3333333333333333
musicbrainz_20260+dbpedia_10873,0.3333333333333333
dbpedia_2642+musicbrainz_21945,0.3333333333333333
dbpedia_9091+musicbrainz_6467+musicbrainz_32006,0.3333333333333333
dbpedia_6639+musicbrainz_22328,0.3333333333333333
dbpedia_8516+musicbrainz_11217,0.3333333333333333
musicbrainz_6157+dbpedia_6959,0.3333333333333333
musicbrainz_5541+dbpedia_9672,0.3333333333333333
musicbrainz_2971+dbpedia_2560,0.3333333333333333
dbpedia_929+musicbrainz_10451,0.3333333333333333
musicbrainz_6158+dbpedia_2010+musicbrainz_6130,0.3333333333333333
dbpedia_10501+musicbrainz_505,0.3333333333333333
musicbrainz_21086+dbpedia_9320,0.3333333333333333
musicbrainz_32046+musicbrainz_32024+dbpedia_6073,0.3333333333333333
musicbrainz_13338+dbpedia_2148,0.3333333333333333
dbpedia_11008+musicbrainz_13470,0.3333333333333333
dbpedia_7565+musicbrainz_19966,0.3333333333333333
dbpedia_6555+musicbrainz_25013,0.3333333333333333
musicbrainz_9856+dbpedia_955,0.3333333333333333
dbpedia_6156+musicbrainz_6469,0.3333333333333333
musicbrainz_32906+dbpedia_7022,0.3333333333333333
dbpedia_551+musicbrainz_8457,0.3333333333333333
dbpedia_3565+musicbrainz_2066,0.3333333333333333
musicbrainz_32034+dbpedia_2533,0.3333333333333333
musicbrainz_12612+dbpedia_8404,0.3333333333333333
dbpedia_486+musicbrainz_33210,0.3333333333333333
dbpedia_2075+musicbrainz_6949,0.3333333333333333
musicbrainz_12616+dbpedia_424,0.3333333333333333
dbpedia_3998+musicbrainz_18656,0.3333333333333333
dbpedia_3853+musicbrainz_9150,0.3333333333333333
dbpedia_7212+musicbrainz_24475,0.3333333333333333
musicbrainz_8456+dbpedia_4403,0.3333333333333333
dbpedia_5439+musicbrainz_26196,0.3333333333333333
musicbrainz_9752+dbpedia_7689,0.3333333333333333
dbpedia_6620+musicbrainz_26624,0.3333333333333333
dbpedia_3237+musicbrainz_5461,0.3333333333333333
musicbrainz_381+dbpedia_3939,0.3333333333333333
dbpedia_10677+musicbrainz_33202+musicbrainz_33176,0.3333333333333333
musicbrainz_2048+dbpedia_3347,0.3333333333333333
musicbrainz_17424+dbpedia_9165,0.3333333333333333
musicbrainz_26939+dbpedia_4953,0.3333333333333333
musicbrainz_21330+dbpedia_11461,0.3333333333333333
musicbrainz_32739+dbpedia_2653,0.3333333333333333
dbpedia_5038+musicbrainz_12477,0.3333333333333333
dbpedia_2025+musicbrainz_19804,0.3333333333333333
musicbrainz_16257+dbpedia_5111,0.3333333333333333
dbpedia_10123+musicbrainz_15479,0.3333333333333333
dbpedia_5647+musicbrainz_9563,0.3333333333333333
musicbrainz_28341+dbpedia_947,0.3333333333333333
musicbrainz_37+dbpedia_11302,0.3333333333333333
dbpedia_1789+musicbrainz_3531+musicbrainz_14302,0.3333333333333333
musicbrainz_2846+dbpedia_1545,0.3333333333333333
musicbrainz_9851+musicbrainz_16684+dbpedia_160,0.3333333333333333
musicbrainz_9247+dbpedia_8891,0.3333333333333333
dbpedia_7655+musicbrainz_6203,0.3333333333333333
musicbrainz_6468+dbpedia_4098,0.3333333333333333
dbpedia_10248+musicbrainz_12896,0.3333333333333333
dbpedia_7325+musicbrainz_26061,0.3333333333333333
musicbrainz_4192+dbpedia_10268,0.3333333333333333
dbpedia_2436+musicbrainz_33177,0.3333333333333333
musicbrainz_9561+dbpedia_9474,0.3333333333333333
musicbrainz_32719+dbpedia_10982,0.3333333333333333
dbpedia_882+musicbrainz_2973,0.3333333333333333
dbpedia_1959+musicbrainz_3680,0.3333333333333333
musicbrainz_31275+dbpedia_5950,0.3333333333333333
musicbrainz_26374+dbpedia_7050,0.3333333333333333
musicbrainz_20946+dbpedia_2890,0.3333333333333333
musicbrainz_6320+dbpedia_1073,0.3333333333333333
dbpedia_3955+musicbrainz_10876,0.3333333333333333
musicbrainz_20261+dbpedia_11319,0.3333333333333333
dbpedia_1967+musicbrainz_32035+musicbrainz_32047,0.3333333333333333
dbpedia_10224+musicbrainz_8484,0.3333333333333333
dbpedia_5856+musicbrainz_20730,0.3333333333333333
dbpedia_2134+musicbrainz_18747,0.3333333333333333
dbpedia_6278+musicbrainz_28823+musicbrainz_28813,0.3333333333333333
musicbrainz_11466+dbpedia_9758,0.3333333333333333
dbpedia_7444+musicbrainz_4189,0.3333333333333333
musicbrainz_21961+dbpedia_4982,0.3333333333333333
dbpedia_7287+musicbrainz_17682,0.3333333333333333
dbpedia_11206+musicbrainz_33624,0.3333333333333333
dbpedia_8145+musicbrainz_26168,0.3333333333333333
dbpedia_10381+musicbrainz_18958,0.3333333333333333
musicbrainz_6894+dbpedia_8514,0.3333333333333333
dbpedia_385+musicbrainz_8504+musicbrainz_8515+musicbrainz_8514,0.3333333333333333
musicbrainz_16162+dbpedia_5117,0.3333333333333333
musicbrainz_25027+dbpedia_10276,0.3333333333333333
musicbrainz_17436+musicbrainz_17444+dbpedia_10587,0.3333333333333333
musicbrainz_24442+dbpedia_4137,0.3333333333333333
dbpedia_6896+musicbrainz_16564,0.3333333333333333
musicbrainz_18426+dbpedia_6928,0.3333333333333333
musicbrainz_2667+dbpedia_6817,0.3333333333333333
dbpedia_6455+musicbrainz_14579,0.3333333333333333
dbpedia_9325+musicbrainz_32910,0.3333333333333333
dbpedia_3214+musicbrainz_19134,0.3333333333333333
dbpedia_6430+musicbrainz_8463,0.3333333333333333
dbpedia_4785+musicbrainz_7948,0.3333333333333333
dbpedia_1872+musicbrainz_22854,0.3333333333333333
dbpedia_5889+musicbrainz_2981,0.3333333333333333
dbpedia_4537+musicbrainz_26555,0.3333333333333333
musicbrainz_1479+dbpedia_7449,0.3333333333333333
dbpedia_7686+musicbrainz_13336,0.3333333333333333
dbpedia_10316+musicbrainz_32049,0.3333333333333333
dbpedia_11028+musicbrainz_11045,0.3333333333333333
musicbrainz_20638+dbpedia_957,0.3333333333333333
dbpedia_4173+musicbrainz_24124+musicbrainz_28336,0.3333333333333333
musicbrainz_13485+dbpedia_1905,0.3333333333333333
dbpedia_5948+musicbrainz_17808,0.3333333333333333
dbpedia_4867+musicbrainz_22704,0.3333333333333333
dbpedia_6385+musicbrainz_18960,0.3333333333333333
dbpedia_5524+musicbrainz_22934,0.3333333333333333
musicbrainz_12614+dbpedia_515,0.3333333333333333
dbpedia_3172+musicbrainz_19968,0.3333333333333333
musicbrainz_4516+dbpedia_4241,0.3333333333333333
musicbrainz_3549+musicbrainz_14276+musicbrainz_14300+dbpedia_10243,0.3333333333333333
musicbrainz_4190+dbpedia_3132,0.3333333333333333
dbpedia_9597+musicbrainz_14275,0.3333333333333333
dbpedia_3688+musicbrainz_28407,0.3333333333333333
musicbrainz_4191+dbpedia_5069,0.3333333333333333
dbpedia_6380+musicbrainz_20731,0.3333333333333333
dbpedia_1647+musicbrainz_33007,0.3333333333333333
musicbrainz_32907+dbpedia_4024,0.3333333333333333
dbpedia_6066+musicbrainz_26936,0.3333333333333333
musicbrainz_32255+dbpedia_9127,0.3333333333333333
musicbrainz_13484+dbpedia_5561,0.3333333333333333
dbpedia_2271+musicbrainz_33823,0.3333333333333333
dbpedia_8775+musicbrainz_9083,0.3333333333333333
musicbrainz_1205+dbpedia_7726,0.3333333333333333
dbpedia_8332+musicbrainz_28514,0.3333333333333333
musicbrainz_32048+musicbrainz_32044+dbpedia_4234,0.3333333333333333
dbpedia_2448+musicbrainz_116,0.3333333333333333
dbpedia_8310+musicbrainz_20911,0.3333333333333333
dbpedia_1405+musicbrainz_15845,0.3333333333333333
musicbrainz_9249+dbpedia_5202,0.3333333333333333
dbpedia_5064+musicbrainz_11469,0.3333333333333333
dbpedia_9312+musicbrainz_25014,0.3333333333333333
dbpedia_7668+musicbrainz_14265,0.3333333333333333
dbpedia_708+musicbrainz_19558,0.3333333333333333
musicbrainz_32462+dbpedia_10421,0.3333333333333333
dbpedia_9361+musicbrainz_26075,0.3333333333333333
dbpedia_113+musicbrainz_3426,0.3333333333333333
musicbrainz_26570+dbpedia_3002,0.3333333333333333
dbpedia_2946+musicbrainz_33175,0.3333333333333333
musicbrainz_13328+dbpedia_9792,0.3333333333333333
dbpedia_111+musicbrainz_8458,0.3333333333333333
musicbrainz_33170+musicbrainz_33205+dbpedia_10795,0.3333333333333333
musicbrainz_21334+dbpedia_10406,0.3333333333333333
musicbrainz_14280+dbpedia_2625+musicbrainz_3547+musicbrainz_14274+musicbrainz_3534,0.3333333333333333
musicbrainz_19561+dbpedia_4821+musicbrainz_19568+musicbrainz_19567,0.4166666666666667
musicbrainz_4194+dbpedia_552+musicbrainz_21904,0.4444444444444444
musicbrainz_1536+dbpedia_7846+musicbrainz_1517,0.4444444444444444
musicbrainz_18775+musicbrainz_18764+dbpedia_1937,0.4444444444444444
musicbrainz_11719+musicbrainz_26972+dbpedia_9906,0.4444444444444444
dbpedia_2985+musicbrainz_8823+musicbrainz_8811,0.4444444444444444
dbpedia_7872+musicbrainz_10550+musicbrainz_10548,0.4444444444444444
dbpedia_71+musicbrainz_23550+musicbrainz_23547,0.4444444444444444
musicbrainz_27708+musicbrainz_4698+dbpedia_5939,0.4444444444444444
musicbrainz_9873+musicbrainz_9842+dbpedia_3519,0.4444444444444444
dbpedia_8951+musicbrainz_26880+musicbrainz_2775,0.4444444444444444
dbpedia_6468+musicbrainz_813+musicbrainz_793,0.4444444444444444
musicbrainz_10552+musicbrainz_2800+dbpedia_6807,0.4444444444444444
dbpedia_1744+musicbrainz_27242+musicbrainz_27269,0.4444444444444444
musicbrainz_8810+musicbrainz_8821+musicbrainz_8769+musicbrainz_8818+dbpedia_5573+musicbrainz_8819,0.4444444444444444
dbpedia_1634+musicbrainz_10471+musicbrainz_10445,0.4444444444444444
musicbrainz_6851+dbpedia_2700+musicbrainz_6833,0.4444444444444444
musicbrainz_2647+musicbrainz_2623+dbpedia_6272+musicbrainz_2593+musicbrainz_2607,0.4666666666666666
musicbrainz_14848+musicbrainz_14871+musicbrainz_14873+dbpedia_10695+musicbrainz_14854,0.46666666666666673
musicbrainz_30759+dbpedia_3163,0.5
musicbrainz_31014+dbpedia_193,0.5
dbpedia_3517+musicbrainz_8830,0.5
dbpedia_6317+musicbrainz_797,0.5
dbpedia_10117+musicbrainz_3046,0.5
musicbrainz_4534+dbpedia_3640,0.5
dbpedia_2954+musicbrainz_12215,0.5
dbpedia_4945+musicbrainz_28627,0.5
dbpedia_578+musicbrainz_3422,0.5
dbpedia_483+musicbrainz_16094+musicbrainz_16363+musicbrainz_16376,0.5
dbpedia_10605+musicbrainz_23273,0.5
musicbrainz_13449+dbpedia_2941,0.5
dbpedia_7331+musicbrainz_373,0.5
dbpedia_6187+musicbrainz_24862,0.5
musicbrainz_4150+dbpedia_10244,0.5
dbpedia_10287+musicbrainz_30645,0.5
musicbrainz_23076+dbpedia_2014,0.5
musicbrainz_4733+dbpedia_1741,0.5
dbpedia_5646+musicbrainz_29107,0.5
dbpedia_1424+musicbrainz_386,0.5
musicbrainz_8092+dbpedia_4383,0.5
musicbrainz_17155+dbpedia_2042,0.5
dbpedia_9198+musicbrainz_9288,0.5
dbpedia_6464+musicbrainz_5566,0.5
musicbrainz_16628+dbpedia_1600,0.5
musicbrainz_23098+dbpedia_2475,0.5
musicbrainz_23092+dbpedia_8671,0.5
dbpedia_3201+musicbrainz_8375,0.5
musicbrainz_31948+dbpedia_2739,0.5
dbpedia_11188+musicbrainz_12863,0.5
dbpedia_3622+musicbrainz_19173,0.5
musicbrainz_22340+dbpedia_669,0.5
dbpedia_10819+musicbrainz_32005+musicbrainz_31988+musicbrainz_32007,0.5
dbpedia_8635+musicbrainz_5752,0.5
musicbrainz_19555+dbpedia_7942,0.5
dbpedia_9939+musicbrainz_9673,0.5
dbpedia_9653+musicbrainz_23272,0.5
musicbrainz_3562+dbpedia_3156,0.5
dbpedia_9050+musicbrainz_6915,0.5
musicbrainz_28640+dbpedia_4038,0.5
dbpedia_5160+musicbrainz_7901,0.5
musicbrainz_415+dbpedia_62,0.5
musicbrainz_26538+dbpedia_683,0.5
musicbrainz_5615+dbpedia_8624,0.5
musicbrainz_29258+dbpedia_3087,0.5
musicbrainz_28606+dbpedia_5801,0.5
dbpedia_6766+musicbrainz_14278,0.5
musicbrainz_25019+musicbrainz_25004+dbpedia_3514+musicbrainz_25023,0.5
musicbrainz_6144+dbpedia_4567,0.5
musicbrainz_24106+dbpedia_4357,0.5
dbpedia_1342+musicbrainz_31950,0.5
musicbrainz_30099+dbpedia_2266,0.5
musicbrainz_9850+musicbrainz_30089+musicbrainz_9867+musicbrainz_9859+musicbrainz_9849+dbpedia_2395,0.5
dbpedia_9634+musicbrainz_29601,0.5
dbpedia_7356+musicbrainz_23846,0.5
musicbrainz_10819+musicbrainz_10838+dbpedia_6282+musicbrainz_10843,0.5
musicbrainz_24340+dbpedia_2063,0.5
dbpedia_6138+musicbrainz_4089,0.5
dbpedia_8589+musicbrainz_26050,0.5
musicbrainz_5459+dbpedia_2073,0.5
dbpedia_11292+musicbrainz_10050,0.5
dbpedia_2276+musicbrainz_24183,0.5
musicbrainz_22455+dbpedia_5887,0.5
dbpedia_9553+musicbrainz_20543,0.5
dbpedia_10203+musicbrainz_22206,0.5
dbpedia_3355+musicbrainz_29899,0.5
dbpedia_2736+musicbrainz_1926,0.5
dbpedia_8487+musicbrainz_22872,0.5
dbpedia_7574+musicbrainz_14580,0.5
dbpedia_1567+musicbrainz_14019,0.5
musicbrainz_12689+dbpedia_2016,0.5
musicbrainz_20802+dbpedia_9530,0.5
dbpedia_4569+musicbrainz_32975,0.5
musicbrainz_30086+musicbrainz_9865+musicbrainz_9857+dbpedia_1482,0.5
dbpedia_2072+musicbrainz_33645,0.5
dbpedia_634+musicbrainz_29898,0.5
dbpedia_10722+musicbrainz_22801,0.5
dbpedia_8875+musicbrainz_11176,0.5
musicbrainz_27593+dbpedia_4321,0.5
dbpedia_8339+musicbrainz_20700,0.5
musicbrainz_3843+dbpedia_2472,0.5
musicbrainz_1950+dbpedia_2168,0.5
musicbrainz_19583+dbpedia_3175,0.5
musicbrainz_22947+dbpedia_9374,0.5
musicbrainz_9710+dbpedia_3524,0.5
musicbrainz_8084+dbpedia_1240,0.5
musicbrainz_31036+dbpedia_7083,0.5
dbpedia_10616+musicbrainz_10764,0.5
dbpedia_3641+musicbrainz_5596,0.5
musicbrainz_9663+dbpedia_7617,0.5
dbpedia_7566+musicbrainz_12314,0.5
dbpedia_4006+musicbrainz_3563,0.5
dbpedia_7600+musicbrainz_18761,0.5
musicbrainz_31959+dbpedia_1271,0.5
dbpedia_7468+musicbrainz_20903,0.5
musicbrainz_28298+dbpedia_2145,0.5
dbpedia_10645+musicbrainz_210,0.5
dbpedia_38+musicbrainz_25516,0.5
musicbrainz_11791+dbpedia_6879,0.5
musicbrainz_7911+dbpedia_10462,0.5
musicbrainz_17001+dbpedia_5974,0.5
dbpedia_1396+musicbrainz_17721,0.5
musicbrainz_21323+dbpedia_3583,0.5
dbpedia_8139+musicbrainz_429,0.5
musicbrainz_10354+dbpedia_1570,0.5
dbpedia_10896+musicbrainz_29479,0.5
musicbrainz_3847+dbpedia_5220,0.5
musicbrainz_17431+dbpedia_10373,0.5
musicbrainz_29242+dbpedia_9302,0.5
musicbrainz_28438+dbpedia_5818,0.5
dbpedia_3645+musicbrainz_14279,0.5
dbpedia_2182+musicbrainz_17745,0.5
musicbrainz_33244+dbpedia_4331,0.5
dbpedia_3946+musicbrainz_28501,0.5
dbpedia_7137+musicbrainz_12045,0.5
dbpedia_10041+musicbrainz_33190,0.5
musicbrainz_9853+dbpedia_3835+musicbrainz_30072+musicbrainz_30066,0.5
dbpedia_4813+musicbrainz_20816,0.5
musicbrainz_19975+dbpedia_3024,0.5
dbpedia_5293+musicbrainz_14285,0.5
dbpedia_5294+musicbrainz_6864,0.5
dbpedia_6795+musicbrainz_5583,0.5
musicbrainz_19196+dbpedia_311,0.5
dbpedia_1238+musicbrainz_18753,0.5
musicbrainz_6201+dbpedia_1391,0.5
musicbrainz_20902+dbpedia_6737,0.5
dbpedia_7702+musicbrainz_17669,0.5
dbpedia_436+musicbrainz_22051,0.5
musicbrainz_26080+dbpedia_11273,0.5
dbpedia_5701+musicbrainz_224,0.5
dbpedia_278+musicbrainz_30332,0.5
dbpedia_3934+musicbrainz_8825,0.5
musicbrainz_14012+dbpedia_7516,0.5
musicbrainz_15451+dbpedia_4477,0.5
dbpedia_74+musicbrainz_5770,0.5
musicbrainz_9289+dbpedia_4682,0.5
musicbrainz_14001+dbpedia_4681,0.5
dbpedia_7466+musicbrainz_25482,0.5
dbpedia_455+musicbrainz_9243,0.5
musicbrainz_31993+dbpedia_184,0.5
dbpedia_9992+musicbrainz_10765,0.5
dbpedia_7334+musicbrainz_31475,0.5
dbpedia_362+musicbrainz_6519,0.5
dbpedia_10875+musicbrainz_9997,0.5
dbpedia_138+musicbrainz_17425,0.5
dbpedia_3710+musicbrainz_15567,0.5
musicbrainz_13453+dbpedia_6141,0.5
musicbrainz_9576+dbpedia_651,0.5
musicbrainz_11036+dbpedia_10598,0.5
musicbrainz_10762+dbpedia_10021,0.5
dbpedia_3280+musicbrainz_26157,0.5
musicbrainz_17376+dbpedia_7959,0.5
dbpedia_3715+musicbrainz_26612,0.5
dbpedia_6804+musicbrainz_33622,0.5
dbpedia_8331+musicbrainz_23855,0.5
dbpedia_3182+musicbrainz_14083+musicbrainz_14097+musicbrainz_23693,0.5
dbpedia_9953+musicbrainz_19050,0.5
musicbrainz_13345+dbpedia_11466,0.5
musicbrainz_17684+dbpedia_2639,0.5
musicbrainz_33628+dbpedia_4892,0.5
musicbrainz_28782+dbpedia_5032,0.5
dbpedia_2833+musicbrainz_4702,0.5
musicbrainz_23252+dbpedia_1221,0.5
musicbrainz_29403+dbpedia_9233,0.5
dbpedia_189+musicbrainz_13787,0.5
dbpedia_4161+musicbrainz_19510,0.5
dbpedia_2108+musicbrainz_28347,0.5
dbpedia_2061+musicbrainz_2018,0.5
dbpedia_9477+musicbrainz_5754,0.5
dbpedia_5278+musicbrainz_20820,0.5
musicbrainz_25532+dbpedia_9706,0.5
dbpedia_11220+musicbrainz_4597,0.5
dbpedia_5203+musicbrainz_15415,0.5
musicbrainz_789+dbpedia_9035,0.5
musicbrainz_3679+dbpedia_1465+musicbrainz_3683+musicbrainz_3661,0.5
dbpedia_7288+musicbrainz_3286,0.5
dbpedia_10866+musicbrainz_733,0.5
musicbrainz_18767+dbpedia_4871,0.5
musicbrainz_33212+dbpedia_2537,0.5
dbpedia_6473+musicbrainz_15688,0.5
dbpedia_6573+musicbrainz_24553,0.5
dbpedia_4518+musicbrainz_20643,0.5
musicbrainz_32394+dbpedia_11346,0.5
dbpedia_5072+musicbrainz_1489,0.5
dbpedia_6112+musicbrainz_16747,0.5
dbpedia_4862+musicbrainz_8155,0.5
dbpedia_3958+musicbrainz_12213,0.5
dbpedia_3968+musicbrainz_791,0.5
dbpedia_3532+musicbrainz_8792,0.5
dbpedia_1553+musicbrainz_22347,0.5
dbpedia_1389+musicbrainz_14577,0.5
musicbrainz_15697+musicbrainz_15702+dbpedia_3196+musicbrainz_15701,0.5
musicbrainz_22341+dbpedia_510,0.5
dbpedia_4155+musicbrainz_223,0.5
dbpedia_8531+musicbrainz_33243,0.5
dbpedia_2017+musicbrainz_20815,0.5
dbpedia_8244+musicbrainz_18361,0.5
musicbrainz_23287+dbpedia_9072,0.5
musicbrainz_18755+dbpedia_8481,0.5
dbpedia_8652+musicbrainz_29699,0.5
musicbrainz_18844+dbpedia_5594,0.5
dbpedia_9483+musicbrainz_33833,0.5
dbpedia_11259+musicbrainz_26996,0.5
musicbrainz_30481+dbpedia_6514,0.5
dbpedia_8588+musicbrainz_33853,0.5
dbpedia_9754+musicbrainz_23454,0.5
dbpedia_10474+musicbrainz_30648,0.5
dbpedia_10099+musicbrainz_12871,0.5
dbpedia_6574+musicbrainz_15289,0.5
dbpedia_11513+musicbrainz_18657,0.5
musicbrainz_3429+musicbrainz_3443+dbpedia_4015+musicbrainz_3442,0.5
dbpedia_6589+musicbrainz_2790,0.5
dbpedia_672+musicbrainz_14859,0.5
dbpedia_5282+musicbrainz_18201,0.5
dbpedia_9922+musicbrainz_5441,0.5
musicbrainz_8773+dbpedia_7065,0.5
musicbrainz_24341+dbpedia_5596,0.5
dbpedia_4323+musicbrainz_32082,0.5
dbpedia_3614+musicbrainz_1927,0.5
musicbrainz_1955+dbpedia_657,0.5
dbpedia_8596+musicbrainz_31967,0.5
dbpedia_9833+musicbrainz_24392,0.5
dbpedia_458+musicbrainz_3032,0.5
dbpedia_2817+musicbrainz_26161,0.5
musicbrainz_11188+dbpedia_4214,0.5
musicbrainz_14581+dbpedia_1891,0.5
musicbrainz_18461+dbpedia_666,0.5
musicbrainz_13801+dbpedia_2461,0.5
musicbrainz_27836+dbpedia_11396,0.5
dbpedia_3193+musicbrainz_8067,0.5
dbpedia_2709+musicbrainz_19967,0.5
musicbrainz_32332+dbpedia_7815,0.5
musicbrainz_25024+musicbrainz_25021+musicbrainz_25053+dbpedia_5373,0.5
dbpedia_157+musicbrainz_29427,0.5
musicbrainz_25015+dbpedia_7469+musicbrainz_25022+musicbrainz_25052,0.5
dbpedia_8476+musicbrainz_11587,0.5
dbpedia_3638+musicbrainz_33648,0.5
dbpedia_554+musicbrainz_33250,0.5
dbpedia_3131+musicbrainz_9145,0.5
musicbrainz_23256+dbpedia_896,0.5
dbpedia_10912+musicbrainz_20533,0.5
musicbrainz_9810+dbpedia_5326,0.5
musicbrainz_12447+dbpedia_4669+musicbrainz_27373+musicbrainz_27362+musicbrainz_12468,0.5333333333333333
musicbrainz_27375+musicbrainz_12470+musicbrainz_27364+musicbrainz_27357+dbpedia_5917,0.5333333333333333
dbpedia_1522+musicbrainz_6631+musicbrainz_6644+musicbrainz_6645+musicbrainz_6646,0.5333333333333333
dbpedia_10742+musicbrainz_26581+musicbrainz_26560+musicbrainz_26583+musicbrainz_26585,0.5333333333333333
musicbrainz_3109+dbpedia_5824+musicbrainz_3076,0.5555555555555555
dbpedia_2534+musicbrainz_33407+musicbrainz_20554,0.5555555555555555
musicbrainz_30150+dbpedia_2102+musicbrainz_4532,0.5555555555555555
musicbrainz_22861+dbpedia_4405+musicbrainz_22865,0.5555555555555555
dbpedia_2713+musicbrainz_16286+musicbrainz_25496,0.5555555555555555
dbpedia_8522+musicbrainz_29710+musicbrainz_29748,0.5555555555555555
musicbrainz_14870+musicbrainz_14850+dbpedia_9398,0.5555555555555555
dbpedia_5718+musicbrainz_15384+musicbrainz_14460,0.5555555555555555
musicbrainz_12459+musicbrainz_27361+dbpedia_8562,0.5555555555555555
dbpedia_10204+musicbrainz_33623+musicbrainz_10049,0.5555555555555555
musicbrainz_14071+musicbrainz_14055+dbpedia_3356,0.5555555555555555
musicbrainz_10850+musicbrainz_10877+dbpedia_3173,0.5555555555555555
musicbrainz_26116+dbpedia_5327+musicbrainz_12510,0.5555555555555555
musicbrainz_27681+musicbrainz_27686+dbpedia_4586,0.5555555555555555
musicbrainz_32959+musicbrainz_32989+dbpedia_7616,0.5555555555555555
dbpedia_8630+musicbrainz_30345+musicbrainz_30316,0.5555555555555555
musicbrainz_15373+dbpedia_9923+musicbrainz_5712,0.5555555555555555
musicbrainz_6697+musicbrainz_6720+dbpedia_2470,0.5555555555555555
musicbrainz_26925+musicbrainz_33589+dbpedia_6670,0.5555555555555555
musicbrainz_33166+musicbrainz_33206+dbpedia_8792,0.5555555555555555
musicbrainz_24333+musicbrainz_24385+musicbrainz_24384+musicbrainz_24362+musicbrainz_24383+musicbrainz_24382+musicbrainz_24381+musicbrainz_24380+dbpedia_8440,0.5555555555555555
dbpedia_8893+musicbrainz_20947+musicbrainz_20938,0.5555555555555555
musicbrainz_22756+dbpedia_6718+musicbrainz_9761,0.5555555555555555
musicbrainz_9559+musicbrainz_9590+dbpedia_10465,0.5555555555555555
dbpedia_2338+musicbrainz_25364+musicbrainz_25526,0.5555555555555555
musicbrainz_14465+musicbrainz_15389+dbpedia_1394,0.5555555555555555
dbpedia_9751+musicbrainz_364+musicbrainz_362,0.5555555555555555
musicbrainz_9560+musicbrainz_9593+dbpedia_1925,0.5555555555555555
dbpedia_5632+musicbrainz_32967+musicbrainz_32963,0.5555555555555555
musicbrainz_9840+dbpedia_7234+musicbrainz_9871,0.5555555555555555
dbpedia_9412+musicbrainz_20522+musicbrainz_20532,0.5555555555555555
musicbrainz_8300+musicbrainz_8323+dbpedia_6526,0.5555555555555555
musicbrainz_23279+dbpedia_2185+musicbrainz_30854,0.5555555555555555
dbpedia_477+musicbrainz_27015+musicbrainz_26987,0.5555555555555555
dbpedia_7332+musicbrainz_2468+musicbrainz_2467,0.5555555555555555
musicbrainz_2015+dbpedia_315+musicbrainz_2030,0.5555555555555555
dbpedia_8147+musicbrainz_9207+musicbrainz_9222,0.5555555555555555
dbpedia_6810+musicbrainz_13462+musicbrainz_13464,0.5555555555555555
musicbrainz_27270+musicbrainz_27230+dbpedia_4621,0.5555555555555555
musicbrainz_30084+musicbrainz_9863+dbpedia_2695,0.5555555555555555
musicbrainz_24557+musicbrainz_24540+dbpedia_5797,0.5555555555555555
dbpedia_10504+musicbrainz_27276+musicbrainz_27249,0.5555555555555555
dbpedia_7447+musicbrainz_14395+musicbrainz_6724,0.5555555555555555
musicbrainz_27383+musicbrainz_12429+dbpedia_10035,0.5555555555555555
musicbrainz_31905+musicbrainz_31896+dbpedia_6040,0.5555555555555555
dbpedia_3901+musicbrainz_13463+musicbrainz_13441,0.5555555555555555
musicbrainz_20627+dbpedia_2084+musicbrainz_20656,0.5555555555555555
musicbrainz_3537+musicbrainz_14298+dbpedia_8371,0.5555555555555555
dbpedia_2648+musicbrainz_26643+musicbrainz_26614,0.5555555555555555
musicbrainz_26725+musicbrainz_503+dbpedia_3960,0.5555555555555555
musicbrainz_15406+dbpedia_8887+musicbrainz_33509,0.5555555555555555
dbpedia_4412+musicbrainz_18436+musicbrainz_18423,0.5555555555555555
musicbrainz_27013+dbpedia_5499+musicbrainz_26997,0.5555555555555555
musicbrainz_11597+musicbrainz_22355+dbpedia_8999,0.5555555555555555
musicbrainz_30754+musicbrainz_30751+dbpedia_1737,0.5555555555555555
dbpedia_6444+musicbrainz_3503+musicbrainz_3494,0.5555555555555555
dbpedia_1159+musicbrainz_27684+musicbrainz_27677,0.5555555555555555
musicbrainz_6466+dbpedia_887+musicbrainz_31987,0.5555555555555555
musicbrainz_4717+musicbrainz_4713+dbpedia_3618,0.5555555555555555
musicbrainz_32045+dbpedia_3390+musicbrainz_32028,0.5555555555555555
musicbrainz_14872+dbpedia_9241+musicbrainz_14855,0.5555555555555555
musicbrainz_6321+musicbrainz_23982+dbpedia_2790,0.5555555555555555
dbpedia_4826+musicbrainz_28286+musicbrainz_28280,0.5555555555555555
dbpedia_8756+musicbrainz_26045+musicbrainz_26030,0.5555555555555555
dbpedia_1856+musicbrainz_30085+musicbrainz_9864,0.5555555555555555
musicbrainz_14473+dbpedia_4521+musicbrainz_14489,0.5555555555555555
dbpedia_1975+musicbrainz_8778+musicbrainz_8813,0.5555555555555555
musicbrainz_11199+dbpedia_501+musicbrainz_29902,0.5555555555555555
dbpedia_9469+musicbrainz_9451+musicbrainz_9462,0.5555555555555555
dbpedia_1401+musicbrainz_17089+musicbrainz_21801,0.5555555555555555
dbpedia_4391+musicbrainz_26580+musicbrainz_26548,0.5555555555555555
dbpedia_8046+musicbrainz_2625+musicbrainz_2622+musicbrainz_2598+musicbrainz_2620+musicbrainz_2584,0.5555555555555556
musicbrainz_32012+musicbrainz_32010+dbpedia_2588+musicbrainz_32011+musicbrainz_32009+musicbrainz_31983+musicbrainz_32008,0.5714285714285714
musicbrainz_6880+musicbrainz_6881+musicbrainz_6882+musicbrainz_6831+musicbrainz_6845+dbpedia_3540+musicbrainz_6848,0.5714285714285715
dbpedia_1657+musicbrainz_27399+musicbrainz_27388+musicbrainz_12434,0.5833333333333334
dbpedia_5420+musicbrainz_6837+musicbrainz_6826+musicbrainz_6828,0.5833333333333334
musicbrainz_18182+dbpedia_10222+musicbrainz_18180+musicbrainz_18181,0.5833333333333334
dbpedia_9005+musicbrainz_19899+musicbrainz_19887+musicbrainz_19902,0.5833333333333334
musicbrainz_812+dbpedia_6678+musicbrainz_807+dbpedia_7230,0.5833333333333334
dbpedia_8047+musicbrainz_29251+musicbrainz_29255+musicbrainz_29234,0.5833333333333334
dbpedia_8424+musicbrainz_6832+musicbrainz_6855+musicbrainz_6827,0.5833333333333334
musicbrainz_32400+dbpedia_6412+musicbrainz_27378+musicbrainz_27367,0.5833333333333334
musicbrainz_2429+musicbrainz_2447+dbpedia_7439+musicbrainz_20754,0.5833333333333334
dbpedia_10841+musicbrainz_15410+musicbrainz_33505+musicbrainz_15403,0.5833333333333334
dbpedia_10467+musicbrainz_25369+musicbrainz_25368+musicbrainz_31009,0.5833333333333334
dbpedia_4490+musicbrainz_27275+musicbrainz_27265+musicbrainz_27227,0.5833333333333334
musicbrainz_27392+musicbrainz_12439+dbpedia_4511+musicbrainz_27404,0.5833333333333334
dbpedia_4804+musicbrainz_20640+musicbrainz_20639+musicbrainz_20657,0.5833333333333334
dbpedia_949+musicbrainz_2437+musicbrainz_20757+musicbrainz_2450,0.5833333333333334
musicbrainz_23105+dbpedia_3795+musicbrainz_23090+musicbrainz_23107,0.5833333333333334
dbpedia_4516+musicbrainz_27400+musicbrainz_27389+musicbrainz_12435,0.5833333333333334
dbpedia_5680+musicbrainz_13438+musicbrainz_13461+musicbrainz_13467,0.5833333333333334
musicbrainz_17413+musicbrainz_17414+dbpedia_2111+musicbrainz_17412,0.5833333333333334
musicbrainz_12436+dbpedia_3801+musicbrainz_27401+musicbrainz_27390,0.5833333333333334
musicbrainz_26773+musicbrainz_26787+musicbrainz_26777+dbpedia_8187,0.5833333333333334
musicbrainz_4515+musicbrainz_4514+musicbrainz_4544+dbpedia_339,0.5833333333333334
musicbrainz_28055+musicbrainz_28056+musicbrainz_28057+musicbrainz_28058+dbpedia_2003,0.6
dbpedia_10379+musicbrainz_6884+musicbrainz_6897+musicbrainz_6901+musicbrainz_6902+musicbrainz_6905,0.6111111111111112
dbpedia_1276+musicbrainz_31957,0.6666666666666666
musicbrainz_732+dbpedia_9284,0.6666666666666666
musicbrainz_5589+dbpedia_3123,0.6666666666666666
musicbrainz_18860+dbpedia_8979,0.6666666666666666
dbpedia_3457+musicbrainz_21402,0.6666666666666666
dbpedia_729+musicbrainz_33157,0.6666666666666666
dbpedia_8492+musicbrainz_15413,0.6666666666666666
dbpedia_5570+musicbrainz_8141,0.6666666666666666
musicbrainz_25547+musicbrainz_6599+dbpedia_6803+musicbrainz_6616,0.6666666666666666
musicbrainz_510+musicbrainz_26722+dbpedia_283,0.6666666666666666
musicbrainz_8843+dbpedia_3126,0.6666666666666666
dbpedia_6375+musicbrainz_19831,0.6666666666666666
musicbrainz_18749+dbpedia_2062,0.6666666666666666
musicbrainz_10011+dbpedia_7518,0.6666666666666666
dbpedia_4844+musicbrainz_14351+musicbrainz_14353,0.6666666666666666
musicbrainz_3092+musicbrainz_3104+dbpedia_6381,0.6666666666666666
dbpedia_8167+musicbrainz_10612,0.6666666666666666
musicbrainz_29382+dbpedia_1016+musicbrainz_28059+musicbrainz_28060+musicbrainz_28061,0.6666666666666666
musicbrainz_18873+dbpedia_5341,0.6666666666666666
musicbrainz_33223+dbpedia_7445+musicbrainz_33241,0.6666666666666666
musicbrainz_15291+dbpedia_2731,0.6666666666666666
dbpedia_6356+musicbrainz_18144,0.6666666666666666
musicbrainz_3425+musicbrainz_3435+dbpedia_2211,0.6666666666666666
dbpedia_89+musicbrainz_441+musicbrainz_444,0.6666666666666666
dbpedia_5739+musicbrainz_17442,0.6666666666666666
musicbrainz_1476+dbpedia_3581,0.6666666666666666
dbpedia_4639+musicbrainz_17685,0.6666666666666666
dbpedia_10801+musicbrainz_10635,0.6666666666666666
musicbrainz_13949+dbpedia_5599,0.6666666666666666
dbpedia_4370+musicbrainz_14863,0.6666666666666666
dbpedia_6576+musicbrainz_25391+musicbrainz_33799,0.6666666666666666
dbpedia_2600+musicbrainz_15860,0.6666666666666666
dbpedia_7624+musicbrainz_12455,0.6666666666666666
musicbrainz_8256+dbpedia_1399,0.6666666666666666
musicbrainz_5987+dbpedia_5258,0.6666666666666666
dbpedia_1368+musicbrainz_21830,0.6666666666666666
musicbrainz_1483+dbpedia_7383,0.6666666666666666
dbpedia_2488+musicbrainz_346,0.6666666666666666
musicbrainz_31276+dbpedia_2346,0.6666666666666666
musicbrainz_8774+musicbrainz_8816+dbpedia_8474,0.6666666666666666
musicbrainz_26517+dbpedia_3378+musicbrainz_19898,0.6666666666666666
musicbrainz_22919+dbpedia_1935,0.6666666666666666
musicbrainz_16134+dbpedia_8637,0.6666666666666666
dbpedia_87+musicbrainz_13447,0.6666666666666666
dbpedia_10452+musicbrainz_17391,0.6666666666666666
musicbrainz_6477+dbpedia_1226,0.6666666666666666
musicbrainz_15408+dbpedia_9199,0.6666666666666666
dbpedia_2970+musicbrainz_6081,0.6666666666666666
musicbrainz_375+dbpedia_3222,0.6666666666666666
musicbrainz_33156+dbpedia_8716,0.6666666666666666
dbpedia_1610+musicbrainz_7903,0.6666666666666666
musicbrainz_18751+dbpedia_10051,0.6666666666666666
musicbrainz_5350+dbpedia_8600,0.6666666666666666
musicbrainz_20907+dbpedia_2194,0.6666666666666666
musicbrainz_20762+dbpedia_7205,0.6666666666666666
musicbrainz_19833+dbpedia_8395,0.6666666666666666
musicbrainz_18492+dbpedia_200,0.6666666666666666
dbpedia_275+musicbrainz_25916,0.6666666666666666
musicbrainz_9213+dbpedia_2315,0.6666666666666666
musicbrainz_17402+dbpedia_6725,0.6666666666666666
musicbrainz_798+dbpedia_6786,0.6666666666666666
musicbrainz_5986+dbpedia_4263,0.6666666666666666
musicbrainz_10761+dbpedia_1797,0.6666666666666666
dbpedia_5954+musicbrainz_29311,0.6666666666666666
musicbrainz_31474+dbpedia_8032,0.6666666666666666
dbpedia_4553+musicbrainz_9915,0.6666666666666666
dbpedia_1037+musicbrainz_9139+musicbrainz_9927+musicbrainz_9928,0.6666666666666666
dbpedia_7944+musicbrainz_33846,0.6666666666666666
dbpedia_1722+musicbrainz_6963,0.6666666666666666
musicbrainz_6871+dbpedia_11361,0.6666666666666666
dbpedia_5853+musicbrainz_9151,0.6666666666666666
dbpedia_524+musicbrainz_4691,0.6666666666666666
dbpedia_5517+musicbrainz_16143,0.6666666666666666
dbpedia_10339+musicbrainz_24481,0.6666666666666666
dbpedia_3553+musicbrainz_20940,0.6666666666666666
musicbrainz_16121+musicbrainz_16120+dbpedia_2696,0.6666666666666666
musicbrainz_219+dbpedia_9801,0.6666666666666666
dbpedia_6924+musicbrainz_28427,0.6666666666666666
dbpedia_11469+musicbrainz_24450,0.6666666666666666
dbpedia_6441+musicbrainz_23288,0.6666666666666666
musicbrainz_24473+dbpedia_4543,0.6666666666666666
musicbrainz_26655+dbpedia_9232,0.6666666666666666
dbpedia_6788+musicbrainz_21404,0.6666666666666666
musicbrainz_12867+dbpedia_2915,0.6666666666666666
dbpedia_6386+musicbrainz_20705,0.6666666666666666
dbpedia_6387+musicbrainz_17749,0.6666666666666666
musicbrainz_33852+dbpedia_6241,0.6666666666666666
dbpedia_8787+musicbrainz_28439,0.6666666666666666
musicbrainz_15372+musicbrainz_5711+dbpedia_10371,0.6666666666666666
musicbrainz_13347+dbpedia_11214,0.6666666666666666
musicbrainz_21321+dbpedia_6174,0.6666666666666666
dbpedia_9301+musicbrainz_11724,0.6666666666666666
musicbrainz_27396+musicbrainz_27386+dbpedia_649,0.6666666666666666
musicbrainz_20914+dbpedia_10367,0.6666666666666666
dbpedia_2703+musicbrainz_18198,0.6666666666666666
musicbrainz_8378+dbpedia_2293,0.6666666666666666
dbpedia_10061+musicbrainz_4153,0.6666666666666666
musicbrainz_24534+musicbrainz_24555+dbpedia_2026,0.6666666666666666
dbpedia_154+musicbrainz_9579,0.6666666666666666
dbpedia_12+musicbrainz_19509,0.6666666666666666
dbpedia_7149+musicbrainz_29734,0.6666666666666666
musicbrainz_17151+dbpedia_2056,0.6666666666666666
dbpedia_4294+musicbrainz_25987,0.6666666666666666
dbpedia_3349+musicbrainz_19195,0.6666666666666666
musicbrainz_10158+musicbrainz_10132+dbpedia_307,0.6666666666666666
dbpedia_2135+musicbrainz_29537,0.6666666666666666
dbpedia_10629+musicbrainz_28554,0.6666666666666666
musicbrainz_14849+dbpedia_5907,0.6666666666666666
musicbrainz_8365+dbpedia_1053,0.6666666666666666
dbpedia_7337+musicbrainz_29725,0.6666666666666666
dbpedia_3950+musicbrainz_9816,0.6666666666666666
dbpedia_699+musicbrainz_30412+musicbrainz_30406+musicbrainz_30415+musicbrainz_13106,0.6666666666666666
dbpedia_1756+musicbrainz_23986,0.6666666666666666
dbpedia_8884+musicbrainz_2640+musicbrainz_2628,0.6666666666666666
musicbrainz_26166+dbpedia_9803,0.6666666666666666
dbpedia_1527+musicbrainz_18468,0.6666666666666666
musicbrainz_24457+dbpedia_10029,0.6666666666666666
dbpedia_2766+musicbrainz_3107+musicbrainz_3075,0.6666666666666666
dbpedia_3576+musicbrainz_2069,0.6666666666666666
musicbrainz_29362+dbpedia_3756,0.6666666666666666
dbpedia_6228+musicbrainz_33404,0.6666666666666666
musicbrainz_22681+dbpedia_656,0.6666666666666666
musicbrainz_413+dbpedia_3875+musicbrainz_445,0.6666666666666666
musicbrainz_18759+musicbrainz_18746+dbpedia_6593+musicbrainz_18758,0.6666666666666666
dbpedia_5053+musicbrainz_14746+musicbrainz_14731+musicbrainz_14745+musicbrainz_14744,0.6666666666666666
musicbrainz_31241+musicbrainz_31260+dbpedia_2872,0.6666666666666666
musicbrainz_24561+dbpedia_5985,0.6666666666666666
musicbrainz_3536+dbpedia_4464,0.6666666666666666
musicbrainz_9152+dbpedia_8919,0.6666666666666666
dbpedia_7729+musicbrainz_13446,0.6666666666666666
musicbrainz_12958+dbpedia_1493,0.6666666666666666
musicbrainz_23881+dbpedia_2929,0.6666666666666666
dbpedia_1552+musicbrainz_5621,0.6666666666666666
dbpedia_7265+musicbrainz_24901,0.6666666666666666
dbpedia_9630+musicbrainz_23079,0.6666666666666666
dbpedia_918+musicbrainz_29344,0.6666666666666666
musicbrainz_29374+dbpedia_3980,0.6666666666666666
musicbrainz_5757+dbpedia_11026,0.6666666666666666
musicbrainz_18240+musicbrainz_18234+musicbrainz_18221+musicbrainz_18226+dbpedia_3949,0.6666666666666666
musicbrainz_17403+dbpedia_1078,0.6666666666666666
dbpedia_4872+musicbrainz_10758,0.6666666666666666
dbpedia_5037+musicbrainz_6492,0.6666666666666666
musicbrainz_32002+musicbrainz_32003+dbpedia_1426+musicbrainz_32004+musicbrainz_6471,0.6666666666666666
dbpedia_9724+musicbrainz_14235,0.6666666666666666
musicbrainz_27295+dbpedia_541,0.6666666666666666
dbpedia_6012+musicbrainz_3845+musicbrainz_33787,0.6666666666666666
dbpedia_11101+musicbrainz_14359,0.6666666666666666
musicbrainz_26028+dbpedia_2177,0.6666666666666666
dbpedia_1625+musicbrainz_22048+musicbrainz_7728,0.6666666666666666
musicbrainz_12078+musicbrainz_12079+dbpedia_1518,0.6666666666666666
musicbrainz_6876+musicbrainz_6877+dbpedia_3268+musicbrainz_6878+musicbrainz_6879+musicbrainz_6825,0.6666666666666666
dbpedia_7213+musicbrainz_26375,0.6666666666666666
dbpedia_5436+musicbrainz_14451,0.6666666666666666
musicbrainz_27253+dbpedia_580,0.6666666666666666
dbpedia_5449+musicbrainz_28641,0.6666666666666666
dbpedia_7592+musicbrainz_423,0.6666666666666666
dbpedia_1502+musicbrainz_728+musicbrainz_741,0.6666666666666666
dbpedia_1058+musicbrainz_11033,0.6666666666666666
musicbrainz_24139+dbpedia_8658,0.6666666666666666
dbpedia_4359+musicbrainz_33122,0.6666666666666666
musicbrainz_20557+dbpedia_3174,0.6666666666666666
dbpedia_7874+musicbrainz_19512,0.6666666666666666
dbpedia_5109+musicbrainz_28498,0.6666666666666666
dbpedia_1579+musicbrainz_11586,0.6666666666666666
dbpedia_4143+musicbrainz_23703,0.6666666666666666
musicbrainz_18777+dbpedia_3240,0.6666666666666666
musicbrainz_30330+dbpedia_6273,0.6666666666666666
musicbrainz_9218+dbpedia_2332,0.6666666666666666
dbpedia_765+musicbrainz_6164,0.6666666666666666
dbpedia_3310+musicbrainz_33614,0.6666666666666666
dbpedia_3190+musicbrainz_30065+musicbrainz_30069,0.6666666666666666
musicbrainz_414+dbpedia_82,0.6666666666666666
dbpedia_9971+musicbrainz_2644+musicbrainz_2645+musicbrainz_2594+musicbrainz_2608,0.6666666666666666
musicbrainz_6764+dbpedia_10283,0.6666666666666666
dbpedia_2557+musicbrainz_3532,0.6666666666666666
dbpedia_3557+musicbrainz_5985,0.6666666666666666
musicbrainz_7047+dbpedia_1719,0.6666666666666666
dbpedia_7016+musicbrainz_33848,0.6666666666666666
dbpedia_9289+musicbrainz_15484,0.6666666666666666
dbpedia_7530+musicbrainz_9672,0.6666666666666666
dbpedia_1876+musicbrainz_2848,0.6666666666666666
musicbrainz_11588+dbpedia_4752,0.6666666666666666
musicbrainz_18184+musicbrainz_15285+dbpedia_6076,0.6666666666666666
dbpedia_4901+musicbrainz_1762,0.6666666666666666
dbpedia_1952+musicbrainz_20749,0.6666666666666666
dbpedia_7365+musicbrainz_5753,0.6666666666666666
musicbrainz_30486+dbpedia_9968,0.6666666666666666
dbpedia_2678+musicbrainz_15405,0.6666666666666666
dbpedia_5947+musicbrainz_29253+musicbrainz_29231+musicbrainz_29248+musicbrainz_29229,0.6666666666666666
dbpedia_7244+musicbrainz_15694,0.6666666666666666
musicbrainz_20936+dbpedia_2234,0.6666666666666666
dbpedia_2814+musicbrainz_3684,0.6666666666666666
dbpedia_3129+musicbrainz_21822,0.6666666666666666
dbpedia_7533+musicbrainz_31258+musicbrainz_31269+musicbrainz_31239,0.6666666666666666
musicbrainz_28352+dbpedia_9978,0.6666666666666666
musicbrainz_8145+dbpedia_4080,0.6666666666666666
musicbrainz_29054+dbpedia_6389,0.6666666666666666
dbpedia_4877+musicbrainz_2205,0.6666666666666666
musicbrainz_4705+dbpedia_10443,0.6666666666666666
musicbrainz_15869+dbpedia_2221,0.6666666666666666
dbpedia_11217+musicbrainz_27302,0.6666666666666666
dbpedia_10593+musicbrainz_9916,0.6666666666666666
musicbrainz_27273+musicbrainz_27226+dbpedia_6371,0.6666666666666666
musicbrainz_25612+musicbrainz_25611+dbpedia_1773+musicbrainz_29103,0.6666666666666666
dbpedia_11337+musicbrainz_23296+musicbrainz_30853,0.6666666666666666
dbpedia_350+musicbrainz_29901,0.6666666666666666
musicbrainz_15582+dbpedia_1697+musicbrainz_15561,0.6666666666666666
dbpedia_4474+musicbrainz_23997,0.6666666666666666
dbpedia_122+musicbrainz_27262,0.6666666666666666
musicbrainz_33609+dbpedia_11301,0.6666666666666666
dbpedia_3399+musicbrainz_22942,0.6666666666666666
musicbrainz_10353+dbpedia_2334,0.6666666666666666
dbpedia_6778+musicbrainz_33844,0.6666666666666666
musicbrainz_746+dbpedia_7312,0.6666666666666666
dbpedia_9520+musicbrainz_6934,0.6666666666666666
musicbrainz_27225+dbpedia_6790,0.6666666666666666
musicbrainz_6502+dbpedia_2353,0.6666666666666666
dbpedia_6036+musicbrainz_21472,0.6666666666666666
musicbrainz_28441+dbpedia_1860,0.6666666666666666
dbpedia_2779+musicbrainz_20915,0.6666666666666666
musicbrainz_3040+dbpedia_6465,0.6666666666666666
musicbrainz_10575+dbpedia_10245,0.6666666666666666
musicbrainz_23983+dbpedia_1069,0.6666666666666666
dbpedia_6462+musicbrainz_28328,0.6666666666666666
musicbrainz_19584+dbpedia_3294,0.6666666666666666
dbpedia_3206+musicbrainz_33836+musicbrainz_33855,0.6666666666666666
dbpedia_4578+musicbrainz_12048,0.6666666666666666
dbpedia_6224+musicbrainz_18649+musicbrainz_18648+musicbrainz_6054,0.6666666666666666
musicbrainz_15452+dbpedia_280,0.6666666666666666
dbpedia_6660+musicbrainz_22857,0.6666666666666666
musicbrainz_17163+dbpedia_5854,0.6666666666666666
dbpedia_9407+musicbrainz_32335,0.6666666666666666
musicbrainz_20808+dbpedia_4635,0.6666666666666666
dbpedia_10466+musicbrainz_10852,0.6666666666666666
dbpedia_2880+musicbrainz_31900,0.6666666666666666
dbpedia_2996+musicbrainz_26110,0.6666666666666666
musicbrainz_13448+dbpedia_3154,0.6666666666666666
musicbrainz_14472+dbpedia_9317+musicbrainz_14488,0.6666666666666666
musicbrainz_2036+dbpedia_10442,0.6666666666666666
musicbrainz_33189+dbpedia_7066,0.6666666666666666
musicbrainz_29363+dbpedia_2960,0.6666666666666666
dbpedia_4382+musicbrainz_8085,0.6666666666666666
dbpedia_8602+musicbrainz_10878+musicbrainz_10854,0.6666666666666666
musicbrainz_24347+dbpedia_3058,0.6666666666666666
dbpedia_2800+musicbrainz_374,0.6666666666666666
dbpedia_5616+musicbrainz_5598,0.6666666666666666
dbpedia_5865+musicbrainz_14354,0.6666666666666666
musicbrainz_6908+dbpedia_9227+musicbrainz_6886+musicbrainz_6899+musicbrainz_6903,0.6666666666666666
musicbrainz_31960+dbpedia_4896,0.6666666666666666
dbpedia_9234+musicbrainz_17734,0.6666666666666666
dbpedia_7969+musicbrainz_9154,0.6666666666666666
dbpedia_4664+musicbrainz_33209,0.6666666666666666
musicbrainz_9720+dbpedia_1489+musicbrainz_9705,0.6666666666666666
musicbrainz_6865+dbpedia_6449,0.6666666666666666
dbpedia_3219+musicbrainz_14011,0.6666666666666666
dbpedia_7454+musicbrainz_3035,0.6666666666666666
dbpedia_6656+musicbrainz_12672+musicbrainz_12684,0.6666666666666666
musicbrainz_9138+dbpedia_7317,0.6666666666666666
dbpedia_4898+musicbrainz_2044,0.6666666666666666
musicbrainz_32334+dbpedia_4243,0.6666666666666666
dbpedia_553+musicbrainz_21827,0.6666666666666666
dbpedia_6262+musicbrainz_29738,0.6666666666666666
musicbrainz_1585+dbpedia_11137,0.6666666666666666
dbpedia_1559+musicbrainz_30076,0.6666666666666666
musicbrainz_5738+dbpedia_7578,0.6666666666666666
musicbrainz_5975+dbpedia_11055,0.6666666666666666
musicbrainz_8069+dbpedia_1212,0.6666666666666666
musicbrainz_28431+dbpedia_9130,0.6666666666666666
dbpedia_5959+musicbrainz_25546+musicbrainz_6609,0.6666666666666666
musicbrainz_10484+musicbrainz_10483+dbpedia_4205+musicbrainz_10482+musicbrainz_25365+musicbrainz_10481+musicbrainz_10480+musicbrainz_25519+musicbrainz_25527,0.6666666666666666
dbpedia_9686+musicbrainz_6622,0.6666666666666666
musicbrainz_33644+dbpedia_161,0.6666666666666666
dbpedia_6238+musicbrainz_31961,0.6666666666666666
musicbrainz_18363+dbpedia_11427,0.6666666666666666
dbpedia_9577+musicbrainz_3505+musicbrainz_3495+musicbrainz_3508,0.6666666666666666
musicbrainz_21946+dbpedia_591,0.6666666666666666
musicbrainz_19066+dbpedia_9913+musicbrainz_19007,0.6666666666666666
musicbrainz_33225+dbpedia_11296,0.6666666666666666
musicbrainz_6082+dbpedia_5793,0.6666666666666666
dbpedia_4851+musicbrainz_24558,0.6666666666666666
dbpedia_8577+musicbrainz_28609,0.6666666666666666
musicbrainz_20890+dbpedia_10121,0.6666666666666666
musicbrainz_747+dbpedia_2783,0.6666666666666666
musicbrainz_8267+dbpedia_9380,0.6666666666666666
dbpedia_137+musicbrainz_19834,0.6666666666666666
musicbrainz_22869+dbpedia_8064,0.6666666666666666
dbpedia_5837+musicbrainz_9813,0.6666666666666666
dbpedia_6234+musicbrainz_16633,0.6666666666666666
musicbrainz_23254+dbpedia_2550,0.6666666666666666
musicbrainz_12900+dbpedia_4064,0.6666666666666666
musicbrainz_24545+dbpedia_302,0.6666666666666666
dbpedia_18+musicbrainz_33845,0.6666666666666666
dbpedia_8831+musicbrainz_9162,0.6666666666666666
musicbrainz_1960+dbpedia_3454,0.6666666666666666
dbpedia_4730+musicbrainz_3441,0.6666666666666666
musicbrainz_23443+dbpedia_3664,0.6666666666666666
dbpedia_240+musicbrainz_1475,0.6666666666666666
musicbrainz_25360+dbpedia_1519,0.6666666666666666
dbpedia_1100+musicbrainz_30498,0.6666666666666666
dbpedia_3986+musicbrainz_17378,0.6666666666666666
musicbrainz_7892+dbpedia_4095+musicbrainz_7921,0.6666666666666666
musicbrainz_13846+dbpedia_4247,0.6666666666666666
musicbrainz_118+dbpedia_6456+musicbrainz_124,0.6666666666666666
dbpedia_1635+musicbrainz_8140,0.6666666666666666
dbpedia_2688+musicbrainz_23089,0.6666666666666666
dbpedia_3705+musicbrainz_8480,0.6666666666666666
dbpedia_4970+musicbrainz_28019,0.6666666666666666
dbpedia_3894+musicbrainz_20745,0.6666666666666666
dbpedia_4762+musicbrainz_31511,0.6666666666666666
dbpedia_3202+musicbrainz_9707,0.6666666666666666
musicbrainz_3588+dbpedia_6903,0.6666666666666666
dbpedia_5402+musicbrainz_14288,0.6666666666666666
musicbrainz_29728+dbpedia_10969,0.6666666666666666
dbpedia_2856+musicbrainz_4510,0.6666666666666666
musicbrainz_9578+dbpedia_810,0.6666666666666666
musicbrainz_26544+dbpedia_3393,0.6666666666666666
dbpedia_5171+musicbrainz_1952,0.6666666666666666
dbpedia_8920+musicbrainz_18875,0.6666666666666666
dbpedia_10181+musicbrainz_14861,0.6666666666666666
dbpedia_3978+musicbrainz_2203,0.6666666666666666
musicbrainz_4706+dbpedia_6702,0.6666666666666666
musicbrainz_9478+dbpedia_3212,0.6666666666666666
musicbrainz_5742+dbpedia_2120,0.6666666666666666
musicbrainz_13723+musicbrainz_13735+dbpedia_4754,0.6666666666666666
musicbrainz_28018+dbpedia_8251,0.6666666666666666
dbpedia_2220+musicbrainz_3031,0.6666666666666666
dbpedia_11045+musicbrainz_18369,0.6666666666666666
musicbrainz_19808+dbpedia_11173,0.6666666666666666
musicbrainz_2611+dbpedia_2938,0.6666666666666666
musicbrainz_28346+dbpedia_2231,0.6666666666666666
musicbrainz_11804+dbpedia_4078,0.6666666666666666
musicbrainz_8776+dbpedia_6707,0.6666666666666666
dbpedia_7993+musicbrainz_30199+musicbrainz_22391,0.6666666666666666
musicbrainz_21949+dbpedia_1981,0.6666666666666666
musicbrainz_32970+musicbrainz_32971+musicbrainz_32961+musicbrainz_32972+musicbrainz_32990+dbpedia_9283+musicbrainz_32987,0.6666666666666666
dbpedia_3833+musicbrainz_729,0.6666666666666666
dbpedia_1445+musicbrainz_9475,0.6666666666666666
dbpedia_8427+musicbrainz_16126,0.6666666666666666
musicbrainz_30969+dbpedia_2031,0.6666666666666666
dbpedia_3118+musicbrainz_20337,0.6666666666666666
dbpedia_5727+musicbrainz_29256,0.6666666666666666
dbpedia_2004+musicbrainz_715,0.6666666666666666
dbpedia_1383+musicbrainz_23998,0.6666666666666666
dbpedia_2443+musicbrainz_9242,0.6666666666666666
dbpedia_5103+musicbrainz_384,0.6666666666666666
musicbrainz_25556+dbpedia_6421+musicbrainz_25563,0.6666666666666666
dbpedia_4084+musicbrainz_3074,0.6666666666666666
dbpedia_3258+musicbrainz_9450,0.6666666666666666
dbpedia_6518+musicbrainz_114,0.6666666666666666
musicbrainz_7039+dbpedia_9735,0.6666666666666666
musicbrainz_31261+musicbrainz_31242+dbpedia_5708,0.6666666666666666
musicbrainz_5511+dbpedia_2298,0.6666666666666666
dbpedia_2737+musicbrainz_29736,0.6666666666666666
dbpedia_997+musicbrainz_8901+musicbrainz_8904,0.6666666666666666
dbpedia_4338+musicbrainz_28784,0.6666666666666666
dbpedia_11270+musicbrainz_6906,0.6666666666666666
dbpedia_1504+musicbrainz_20631,0.6666666666666666
musicbrainz_31277+dbpedia_2195,0.6666666666666666
musicbrainz_8255+dbpedia_6736+musicbrainz_6916,0.6666666666666666
musicbrainz_18372+dbpedia_8900,0.6666666666666666
musicbrainz_23300+musicbrainz_23278+musicbrainz_30858+dbpedia_5431,0.75
dbpedia_11118+musicbrainz_13439+musicbrainz_13468,0.7777777777777777
dbpedia_670+musicbrainz_1477+musicbrainz_1496,0.7777777777777777
dbpedia_6363+musicbrainz_30340+musicbrainz_30346+musicbrainz_30344+musicbrainz_30315,0.7999999999999999
dbpedia_3529+musicbrainz_15284+musicbrainz_15297+musicbrainz_18183,0.8333333333333334
dbpedia_6254+musicbrainz_27682+musicbrainz_27693+musicbrainz_27683,0.8333333333333334
dbpedia_5529+musicbrainz_3427+musicbrainz_3437+musicbrainz_3432,0.8333333333333334
dbpedia_864+musicbrainz_8294+musicbrainz_8295+musicbrainz_8284,0.8333333333333334
dbpedia_9767+musicbrainz_8228+musicbrainz_8240,0.8888888888888888
dbpedia_9436+musicbrainz_7900+musicbrainz_7924,0.8888888888888888
musicbrainz_25589+dbpedia_10716+musicbrainz_25608,0.8888888888888888
dbpedia_4162+musicbrainz_25551,1.0
musicbrainz_25971+dbpedia_7448+musicbrainz_26658,1.0
dbpedia_6809+musicbrainz_6596,1.0
dbpedia_8445+musicbrainz_5710,1.0
musicbrainz_2651+dbpedia_2051,1.0
dbpedia_3171+musicbrainz_19198,1.0
dbpedia_3168+musicbrainz_28291,1.0
dbpedia_5634+musicbrainz_25915,1.0
musicbrainz_3846+dbpedia_2446+musicbrainz_12809,1.0
musicbrainz_9845+dbpedia_8892,1.0
musicbrainz_31966+dbpedia_1382,1.0
dbpedia_4741+musicbrainz_19965,1.0
musicbrainz_9811+dbpedia_6327,1.0
musicbrainz_23263+dbpedia_1563,1.0
musicbrainz_2+dbpedia_8174,1.0
dbpedia_9669+musicbrainz_12862,1.0
musicbrainz_4722+dbpedia_6813,1.0
musicbrainz_8090+dbpedia_2476,1.0
musicbrainz_8849+dbpedia_3708,1.0
musicbrainz_3903+dbpedia_2191,1.0
musicbrainz_12043+dbpedia_4037,1.0
dbpedia_3507+musicbrainz_18145,1.0
musicbrainz_14052+dbpedia_9603+musicbrainz_8539,1.0
dbpedia_895+musicbrainz_3043,1.0
dbpedia_2559+musicbrainz_16630,1.0
dbpedia_6964+musicbrainz_23082,1.0
dbpedia_1699+musicbrainz_23255,1.0
dbpedia_8014+musicbrainz_23080,1.0
musicbrainz_23078+dbpedia_6956,1.0
dbpedia_3313+musicbrainz_6060,1.0
dbpedia_5925+musicbrainz_370,1.0
dbpedia_8605+musicbrainz_31367,1.0
dbpedia_10806+musicbrainz_31951,1.0
dbpedia_6132+musicbrainz_14856,1.0
dbpedia_4+musicbrainz_22856,1.0
musicbrainz_11177+dbpedia_8806,1.0
dbpedia_5936+musicbrainz_6763,1.0
musicbrainz_25554+dbpedia_10386,1.0
