"spotify_18927","musicbrainz_30093","1.0"
"spotify_13689","musicbrainz_30072","1.0"
"spotify_13745","musicbrainz_18746","1.0"
"spotify_685","musicbrainz_24287","1.0"
"spotify_19707","musicbrainz_33216","1.0"
"spotify_11748","musicbrainz_3866","1.0"
"spotify_10672","musicbrainz_2593","0.9071428571428571"
"spotify_14747","musicbrainz_25801","1.0"
"spotify_13829","musicbrainz_12207","1.0"
"spotify_11886","musicbrainz_18752","1.0"
"spotify_4621","musicbrainz_9719","0.875"
"spotify_9132","musicbrainz_6632","1.0"
"spotify_16631","musicbrainz_33632","0.8166666666666667"
"spotify_17028","musicbrainz_24561","1.0"
"spotify_9995","musicbrainz_4088","1.0"
"spotify_2646","musicbrainz_5753","1.0"
"spotify_10672","musicbrainz_2647","0.9071428571428571"
"spotify_10744","musicbrainz_28056","0.9321428571428572"
"spotify_13072","musicbrainz_31971","1.0"
"spotify_19063","musicbrainz_24458","0.9571428571428572"
"spotify_11657","musicbrainz_1937","1.0"
"spotify_4381","musicbrainz_32094","1.0"
"spotify_16600","musicbrainz_17670","0.895"
"spotify_1728","musicbrainz_33223","1.0"
"spotify_15870","musicbrainz_29054","1.0"
"spotify_9910","musicbrainz_15290","0.8458333333333333"
"spotify_1468","musicbrainz_28295","1.0"
"spotify_8769","musicbrainz_12885","0.975"
"spotify_2767","musicbrainz_19834","1.0"
"spotify_12091","musicbrainz_13482","1.0"
"spotify_13896","musicbrainz_33855","0.8663461538461539"
"spotify_17635","musicbrainz_2583","0.9269230769230768"
"spotify_6047","musicbrainz_8827","1.0"
"spotify_11827","musicbrainz_27357","0.9288461538461539"
"spotify_8881","musicbrainz_31061","1.0"
"spotify_9941","musicbrainz_9140","1.0"
"spotify_14774","musicbrainz_9948","0.9571428571428572"
"spotify_77","musicbrainz_3890","1.0"
"spotify_2348","musicbrainz_24533","1.0"
"spotify_1340","musicbrainz_28056","1.0"
"spotify_11658","musicbrainz_33558","0.9249999999999999"
"spotify_14948","musicbrainz_30150","0.9204545454545454"
"spotify_12858","musicbrainz_27378","0.9625"
"spotify_11906","musicbrainz_18184","1.0"
"spotify_16997","musicbrainz_6697","1.0"
"spotify_5967","musicbrainz_33852","0.9"
"spotify_18718","musicbrainz_14267","1.0"
"spotify_8688","musicbrainz_6405","1.0"
"spotify_8613","musicbrainz_19431","0.895"
"spotify_15686","musicbrainz_30069","1.0"
"spotify_4399","musicbrainz_12464","1.0"
"spotify_6696","musicbrainz_17416","1.0"
"spotify_17762","musicbrainz_29736","0.9016666666666666"
"spotify_9688","musicbrainz_26655","1.0"
"spotify_17736","musicbrainz_32638","0.975"
"spotify_10938","musicbrainz_26725","1.0"
"spotify_18045","musicbrainz_8021","1.0"
"spotify_8924","musicbrainz_3545","1.0"
"spotify_13577","musicbrainz_20657","0.915"
"spotify_19039","musicbrainz_15847","1.0"
"spotify_18632","musicbrainz_22455","1.0"
"spotify_14143","musicbrainz_33225","1.0"
"spotify_2240","musicbrainz_14557","1.0"
"spotify_1573","musicbrainz_3666","0.96"
"spotify_7872","musicbrainz_26241","0.975"
"spotify_7546","musicbrainz_6613","1.0"
"spotify_2559","musicbrainz_33647","1.0"
"spotify_16150","musicbrainz_9873","0.9125"
"spotify_7755","musicbrainz_30139","1.0"
"spotify_9827","musicbrainz_19195","1.0"
"spotify_10740","musicbrainz_14854","1.0"
"spotify_16905","musicbrainz_3092","1.0"
"spotify_6500","musicbrainz_33630","0.8041666666666667"
"spotify_15770","musicbrainz_2034","1.0"
"spotify_2430","musicbrainz_14262","1.0"
"spotify_7636","musicbrainz_9571","0.8404761904761905"
"spotify_11695","musicbrainz_20699","1.0"
"spotify_13881","musicbrainz_16783","1.0"
"spotify_13650","musicbrainz_33631","0.8171428571428572"
"spotify_1693","musicbrainz_30505","1.0"
"spotify_12759","musicbrainz_32369","1.0"
"spotify_614","musicbrainz_24463","0.9416666666666667"
"spotify_13970","musicbrainz_17974","0.7666666666666667"
"spotify_11797","musicbrainz_14850","1.0"
"spotify_15950","musicbrainz_4514","0.975"
"spotify_16937","musicbrainz_8537","0.9083333333333333"
"spotify_8985","musicbrainz_3678","0.9249999999999999"
"spotify_2661","musicbrainz_28640","1.0"
"spotify_9908","musicbrainz_16227","1.0"
"spotify_16977","musicbrainz_5506","0.8208333333333333"
"spotify_8752","musicbrainz_13067","0.95"
"spotify_12238","musicbrainz_33222","1.0"
"spotify_17810","musicbrainz_3565","1.0"
"spotify_12168","musicbrainz_12216","1.0"
"spotify_10762","musicbrainz_23986","1.0"
"spotify_14784","musicbrainz_29674","1.0"
"spotify_19745","musicbrainz_2018","1.0"
"spotify_11837","musicbrainz_33207","1.0"
"spotify_53","musicbrainz_7204","1.0"
"spotify_1327","musicbrainz_7894","1.0"
"spotify_12889","musicbrainz_7887","1.0"
"spotify_1552","musicbrainz_3665","1.0"
"spotify_84","musicbrainz_6882","0.97"
"spotify_16697","musicbrainz_26643","0.875"
"spotify_3667","musicbrainz_28289","1.0"
"spotify_14949","musicbrainz_4544","0.8875"
"spotify_17168","musicbrainz_12654","1.0"
"spotify_10960","musicbrainz_9242","1.0"
"spotify_8725","musicbrainz_32987","0.975"
"spotify_4679","musicbrainz_22054","1.0"
"spotify_62","musicbrainz_731","1.0"
"spotify_15600","musicbrainz_18872","0.9538461538461539"
"spotify_9884","musicbrainz_11587","1.0"
"spotify_8526","musicbrainz_21663","0.968421052631579"
"spotify_10711","musicbrainz_367","0.8466666666666667"
"spotify_8630","musicbrainz_20946","0.975"
"spotify_2210","musicbrainz_1923","0.9181818181818182"
"spotify_1536","musicbrainz_3684","1.0"
"spotify_16980","musicbrainz_18775","0.97"
"spotify_14987","musicbrainz_15694","0.975"
"spotify_3444","musicbrainz_16776","1.0"
"spotify_11906","musicbrainz_15285","1.0"
"spotify_190","musicbrainz_28061","0.9"
"spotify_9678","musicbrainz_2104","1.0"
"spotify_3455","musicbrainz_12871","1.0"
"spotify_15708","musicbrainz_32350","1.0"
"spotify_16979","musicbrainz_4539","0.975"
"spotify_10775","musicbrainz_6897","0.9571428571428572"
"spotify_17747","musicbrainz_16630","0.97"
"spotify_18750","musicbrainz_33670","1.0"
"spotify_16607","musicbrainz_359","1.0"
"spotify_5631","musicbrainz_6060","0.9073809523809524"
"spotify_12160","musicbrainz_9842","1.0"
"spotify_14737","musicbrainz_17749","0.9375"
"spotify_10710","musicbrainz_2598","0.95"
"spotify_2322","musicbrainz_31948","1.0"
"spotify_16817","musicbrainz_2594","0.95"
"spotify_2717","musicbrainz_26087","0.9299999999999999"
"spotify_7872","musicbrainz_26235","1.0"
"spotify_3691","musicbrainz_28144","1.0"
"spotify_4506","musicbrainz_23882","1.0"
"spotify_17728","musicbrainz_12866","0.9647058823529412"
"spotify_11006","musicbrainz_18761","1.0"
"spotify_7604","musicbrainz_29689","1.0"
"spotify_18109","musicbrainz_24457","1.0"
"spotify_1164","musicbrainz_9784","0.8541666666666667"
"spotify_5015","musicbrainz_8827","0.7375"
"spotify_17777","musicbrainz_33214","1.0"
"spotify_2573","musicbrainz_9244","1.0"
"spotify_1367","musicbrainz_6495","1.0"
"spotify_1499","musicbrainz_8366","1.0"
"spotify_4620","musicbrainz_12896","0.7842857142857144"
"spotify_10998","musicbrainz_14274","0.8450000000000001"
"spotify_11692","musicbrainz_28427","1.0"
"spotify_16676","musicbrainz_28585","0.925"
"spotify_15796","musicbrainz_30141","1.0"
"spotify_12713","musicbrainz_33625","0.8333333333333333"
"spotify_4514","musicbrainz_22864","0.975"
"spotify_5911","musicbrainz_12434","1.0"
"spotify_19779","musicbrainz_31962","1.0"
"spotify_142","musicbrainz_30122","1.0"
"spotify_10699","musicbrainz_1938","0.96"
"spotify_3352","musicbrainz_28434","1.0"
"spotify_8867","musicbrainz_17686","0.8791666666666667"
"spotify_274","musicbrainz_14264","0.7"
"spotify_19989","musicbrainz_9156","1.0"
"spotify_2499","musicbrainz_18183","0.9076923076923077"
"spotify_19722","musicbrainz_2468","1.0"
"spotify_2541","musicbrainz_25551","1.0"
"spotify_571","musicbrainz_9155","1.0"
"spotify_2256","musicbrainz_29251","0.96"
"spotify_7606","musicbrainz_7901","1.0"
"spotify_13637","musicbrainz_23254","1.0"
"spotify_592","musicbrainz_33843","1.0"
"spotify_8172","musicbrainz_11036","1.0"
"spotify_7903","musicbrainz_508","0.9"
"spotify_15016","musicbrainz_21330","1.0"
"spotify_2293","musicbrainz_20911","1.0"
"spotify_11979","musicbrainz_5461","1.0"
"spotify_142","musicbrainz_30133","0.735"
"spotify_13689","musicbrainz_9853","0.955"
"spotify_15603","musicbrainz_16235","1.0"
"spotify_1309","musicbrainz_3534","0.9184210526315789"
"spotify_16603","musicbrainz_16241","1.0"
"spotify_19629","musicbrainz_16816","0.9147058823529411"
"spotify_5829","musicbrainz_9863","0.85"
"spotify_293","musicbrainz_2611","1.0"
"spotify_13889","musicbrainz_30982","1.0"
"spotify_11827","musicbrainz_12470","0.9038461538461539"
"spotify_12726","musicbrainz_729","1.0"
"spotify_222","musicbrainz_27268","0.9571428571428572"
"spotify_16096","musicbrainz_16809","0.9400000000000001"
"spotify_2553","musicbrainz_745","1.0"
"spotify_6013","musicbrainz_17163","1.0"
"spotify_12888","musicbrainz_3503","0.95"
"spotify_15966","musicbrainz_3546","1.0"
"spotify_19848","musicbrainz_18767","1.0"
"spotify_532","musicbrainz_14285","1.0"
"spotify_18541","musicbrainz_21647","0.9299999999999999"
"spotify_11014","musicbrainz_6646","0.97"
"spotify_13667","musicbrainz_17744","0.975"
"spotify_13848","musicbrainz_16234","0.95"
"spotify_16611","musicbrainz_2626","0.98"
"spotify_13645","musicbrainz_23253","1.0"
"spotify_1426","musicbrainz_30656","1.0"
"spotify_16576","musicbrainz_1920","0.925"
"spotify_14962","musicbrainz_3536","1.0"
"spotify_5960","musicbrainz_26085","1.0"
"spotify_11067","musicbrainz_9850","0.97"
"spotify_1303","musicbrainz_2036","1.0"
"spotify_9632","musicbrainz_5046","1.0"
"spotify_196","musicbrainz_11175","1.0"
"spotify_13148","musicbrainz_24564","1.0"
"spotify_5545","musicbrainz_715","0.9739130434782609"
"spotify_8725","musicbrainz_32971","0.975"
"spotify_3333","musicbrainz_1947","1.0"
"spotify_1190","musicbrainz_17661","1.0"
"spotify_11827","musicbrainz_27364","0.9538461538461539"
"spotify_8046","musicbrainz_14284","1.0"
"spotify_2556","musicbrainz_28440","1.0"
"spotify_12843","musicbrainz_18753","1.0"
"spotify_7959","musicbrainz_18763","1.0"
"spotify_18703","musicbrainz_14258","1.0"
"spotify_18749","musicbrainz_14271","1.0"
"spotify_14818","musicbrainz_5934","0.9454545454545454"
"spotify_3555","musicbrainz_27273","0.9714285714285714"
"spotify_8588","musicbrainz_7896","0.9428571428571428"
"spotify_18783","musicbrainz_24474","0.95"
"spotify_16710","musicbrainz_25364","0.7875"
"spotify_14800","musicbrainz_17970","0.7666666666666667"
"spotify_3611","musicbrainz_25013","0.95"
"spotify_1502","musicbrainz_23454","1.0"
"spotify_10699","musicbrainz_17338","0.925"
"spotify_512","musicbrainz_21334","1.0"
"spotify_4511","musicbrainz_25806","1.0"
"spotify_9888","musicbrainz_25519","1.0"
"spotify_14895","musicbrainz_17378","1.0"
"spotify_8514","musicbrainz_3046","1.0"
"spotify_10852","musicbrainz_813","0.9038461538461539"
"spotify_15613","musicbrainz_16242","1.0"
"spotify_9976","musicbrainz_28720","1.0"
"spotify_17982","musicbrainz_6716","0.9538461538461539"
"spotify_2708","musicbrainz_23999","0.975"
"spotify_16748","musicbrainz_7938","0.9793103448275863"
"spotify_14091","musicbrainz_13479","1.0"
"spotify_7059","musicbrainz_29700","1.0"
"spotify_14761","musicbrainz_12447","0.95"
"spotify_16806","musicbrainz_3575","0.9538461538461539"
"spotify_15936","musicbrainz_14278","1.0"
"spotify_13866","musicbrainz_30664","1.0"
"spotify_1335","musicbrainz_3495","0.9571428571428572"
"spotify_9172","musicbrainz_25254","1.0"
"spotify_2210","musicbrainz_1942","1.0"
"spotify_4564","musicbrainz_19045","0.9400000000000001"
"spotify_7822","musicbrainz_2462","1.0"
"spotify_4700","musicbrainz_18180","0.9125"
"spotify_7712","musicbrainz_1933","1.0"
"spotify_7568","musicbrainz_14074","0.9666666666666667"
"spotify_3550","musicbrainz_14277","1.0"
"spotify_18753","musicbrainz_20808","1.0"
"spotify_9797","musicbrainz_12380","1.0"
"spotify_16671","musicbrainz_14328","0.88"
"spotify_388","musicbrainz_26061","0.9625"
"spotify_19637","musicbrainz_1759","0.825"
"spotify_8823","musicbrainz_28296","1.0"
"spotify_15757","musicbrainz_7920","0.9666666666666667"
"spotify_11007","musicbrainz_17444","0.8338235294117646"
"spotify_7062","musicbrainz_33227","1.0"
"spotify_15658","musicbrainz_11176","1.0"
"spotify_10923","musicbrainz_9240","1.0"
"spotify_16659","musicbrainz_3868","1.0"
"spotify_4165","musicbrainz_33200","0.9013513513513512"
"spotify_3286","musicbrainz_730","1.0"
"spotify_17697","musicbrainz_18649","0.9625"
"spotify_15584","musicbrainz_17658","0.9125"
"spotify_19566","musicbrainz_20638","1.0"
"spotify_17824","musicbrainz_23747","0.7958333333333334"
"spotify_19678","musicbrainz_22865","0.8772058823529412"
"spotify_19859","musicbrainz_3533","0.9785714285714285"
"spotify_13567","musicbrainz_24376","0.9199999999999999"
"spotify_19815","musicbrainz_24442","1.0"
"spotify_5911","musicbrainz_27388","0.9454545454545454"
"spotify_423","musicbrainz_30083","1.0"
"spotify_13788","musicbrainz_27233","1.0"
"spotify_11915","musicbrainz_13886","0.9454545454545454"
"spotify_19784","musicbrainz_25019","0.9288461538461539"
"spotify_525","musicbrainz_120","1.0"
"spotify_13142","musicbrainz_12219","0.9586206896551724"
"spotify_6784","musicbrainz_33220","1.0"
"spotify_7948","musicbrainz_3664","0.8233333333333334"
"spotify_15757","musicbrainz_7927","0.95"
"spotify_6708","musicbrainz_20432","1.0"
"spotify_15813","musicbrainz_27234","1.0"
"spotify_3636","musicbrainz_16221","1.0"
"spotify_13577","musicbrainz_20639","0.9400000000000001"
"spotify_6785","musicbrainz_22341","1.0"
"spotify_1640","musicbrainz_27262","1.0"
"spotify_18729","musicbrainz_26062","1.0"
"spotify_19716","musicbrainz_30481","0.975"
"spotify_16611","musicbrainz_2606","0.9299999999999999"
"spotify_9619","musicbrainz_10055","0.975"
"spotify_16724","musicbrainz_26213","1.0"
"spotify_6505","musicbrainz_16747","1.0"
"spotify_6850","musicbrainz_3427","0.9538461538461539"
"spotify_1728","musicbrainz_33241","0.9400000000000001"
"spotify_8725","musicbrainz_32970","0.975"
"spotify_4443","musicbrainz_16288","0.9099999999999999"
"spotify_154","musicbrainz_25054","1.0"
"spotify_7841","musicbrainz_509","0.875"
"spotify_1756","musicbrainz_24464","1.0"
"spotify_9996","musicbrainz_11188","1.0"
"spotify_8120","musicbrainz_17167","1.0"
"spotify_10843","musicbrainz_33206","0.7988461538461539"
"spotify_17647","musicbrainz_1948","1.0"
"spotify_18848","musicbrainz_9865","0.9333333333333333"
"spotify_14826","musicbrainz_19093","0.9538461538461539"
"spotify_6631","musicbrainz_26642","1.0"
"spotify_10699","musicbrainz_1919","0.925"
"spotify_4775","musicbrainz_27400","0.9625"
"spotify_18953","musicbrainz_20543","1.0"
"spotify_12896","musicbrainz_17151","1.0"
"spotify_16724","musicbrainz_26240","0.9647058823529412"
"spotify_11653","musicbrainz_23252","1.0"
"spotify_4443","musicbrainz_16301","0.95"
"spotify_16786","musicbrainz_3563","1.0"
"spotify_8552","musicbrainz_7789","1.0"
"spotify_10775","musicbrainz_6902","0.9571428571428572"
"spotify_15645","musicbrainz_16237","1.0"
"spotify_13113","musicbrainz_13469","0.9125"
"spotify_12700","musicbrainz_33622","1.0"
"spotify_6111","musicbrainz_6593","0.8833333333333333"
"spotify_7795","musicbrainz_28738","1.0"
"spotify_14774","musicbrainz_9938","1.0"
"spotify_4775","musicbrainz_27389","0.9625"
"spotify_81","musicbrainz_23260","1.0"
"spotify_14713","musicbrainz_25803","1.0"
"spotify_12729","musicbrainz_17659","1.0"
"spotify_2638","musicbrainz_7941","1.0"
"spotify_16820","musicbrainz_17442","0.915"
"spotify_18783","musicbrainz_24470","0.7192307692307692"
"spotify_2499","musicbrainz_15297","0.8714285714285714"
"spotify_14645","musicbrainz_17674","1.0"
"spotify_18677","musicbrainz_27374","0.9571428571428572"
"spotify_1259","musicbrainz_27252","0.9535714285714285"
"spotify_19760","musicbrainz_16471","1.0"
"spotify_10710","musicbrainz_2584","0.9166666666666666"
"spotify_18652","musicbrainz_17748","0.975"
"spotify_19800","musicbrainz_4929","1.0"
"spotify_18510","musicbrainz_7897","1.0"
"spotify_5862","musicbrainz_1952","1.0"
"spotify_3507","musicbrainz_29679","1.0"
"spotify_10727","musicbrainz_10612","0.72"
"spotify_4547","musicbrainz_28139","0.75"
"spotify_7136","musicbrainz_25574","1.0"
"spotify_8720","musicbrainz_14270","1.0"
"spotify_16719","musicbrainz_17808","0.8833333333333333"
"spotify_1109","musicbrainz_734","1.0"
"spotify_11082","musicbrainz_13478","1.0"
"spotify_1127","musicbrainz_7906","0.968421052631579"
"spotify_16817","musicbrainz_2645","0.95"
"spotify_17732","musicbrainz_29179","0.9038461538461539"
"spotify_18510","musicbrainz_7925","0.9199999999999999"
"spotify_19532","musicbrainz_7201","1.0"
"spotify_1467","musicbrainz_17720","1.0"
"spotify_17835","musicbrainz_1927","0.95"
"spotify_11157","musicbrainz_13477","1.0"
"spotify_4731","musicbrainz_16746","0.8017543859649122"
"spotify_15637","musicbrainz_28430","1.0"
"spotify_12998","musicbrainz_31967","1.0"
"spotify_15620","musicbrainz_28428","1.0"
"spotify_11985","musicbrainz_12205","1.0"
"spotify_15697","musicbrainz_25282","1.0"
"spotify_13809","musicbrainz_27230","1.0"
"spotify_18604","musicbrainz_22863","0.975"
"spotify_15090","musicbrainz_13448","1.0"
"spotify_319","musicbrainz_24551","1.0"
"spotify_19551","musicbrainz_17667","1.0"
"spotify_5829","musicbrainz_30084","1.0"
"spotify_1432","musicbrainz_20260","0.88"
"spotify_17784","musicbrainz_1269","1.0"
"spotify_13689","musicbrainz_30066","0.98"
"spotify_9887","musicbrainz_33646","1.0"
"spotify_16053","musicbrainz_115","1.0"
"spotify_15762","musicbrainz_18751","1.0"
"spotify_17732","musicbrainz_13777","1.0"
"spotify_5549","musicbrainz_32375","1.0"
"spotify_12248","musicbrainz_22692","1.0"
"spotify_16576","musicbrainz_1939","0.96"
"spotify_12870","musicbrainz_29675","1.0"
"spotify_11067","musicbrainz_9849","0.97"
"spotify_2499","musicbrainz_15284","0.9076923076923077"
"spotify_3577","musicbrainz_9144","1.0"
"spotify_12901","musicbrainz_33221","0.9288461538461539"
"spotify_9888","musicbrainz_10480","0.95"
"spotify_1220","musicbrainz_31947","0.968421052631579"
"spotify_7209","musicbrainz_16843","0.8892857142857143"
"spotify_3629","musicbrainz_33219","1.0"
"spotify_10701","musicbrainz_17669","1.0"
"spotify_6806","musicbrainz_17540","1.0"
"spotify_12926","musicbrainz_13868","1.0"
"spotify_6767","musicbrainz_6454","1.0"
"spotify_8525","musicbrainz_7924","0.9312499999999999"
"spotify_14773","musicbrainz_12882","0.975"
"spotify_12875","musicbrainz_17963","0.7375"
"spotify_6633","musicbrainz_12874","1.0"
"spotify_11823","musicbrainz_3549","1.0"
"spotify_19503","musicbrainz_18865","1.0"
"spotify_13879","musicbrainz_24544","1.0"
"spotify_7579","musicbrainz_33619","0.8480392156862745"
"spotify_9978","musicbrainz_30085","1.0"
"spotify_16762","musicbrainz_27380","0.9647058823529412"
"spotify_8140","musicbrainz_24283","1.0"
"spotify_8985","musicbrainz_3662","1.0"
"spotify_137","musicbrainz_1930","1.0"
"spotify_9731","musicbrainz_31268","0.975"
"spotify_84","musicbrainz_6845","0.97"
"spotify_19584","musicbrainz_3109","0.95"
"spotify_9658","musicbrainz_29690","1.0"
"spotify_11907","musicbrainz_12198","1.0"
"spotify_14761","musicbrainz_27362","0.9647058823529412"
"spotify_6931","musicbrainz_28143","1.0"
"spotify_9726","musicbrainz_28524","1.0"
"spotify_3615","musicbrainz_33854","1.0"
"spotify_15126","musicbrainz_12653","0.9739130434782609"
"spotify_9903","musicbrainz_21328","1.0"
"spotify_11844","musicbrainz_17424","0.95"
"spotify_13671","musicbrainz_11138","1.0"
"spotify_16905","musicbrainz_3104","0.95"
"spotify_5528","musicbrainz_738","1.0"
"spotify_4421","musicbrainz_2590","0.9199999999999999"
"spotify_679","musicbrainz_24471","1.0"
"spotify_5473","musicbrainz_8856","1.0"
"spotify_4572","musicbrainz_7214","0.9538461538461539"
"spotify_18523","musicbrainz_28435","1.0"
"spotify_16851","musicbrainz_9245","1.0"
"spotify_4634","musicbrainz_29672","1.0"
"spotify_7624","musicbrainz_24363","0.8642857142857143"
"spotify_1410","musicbrainz_21404","1.0"
"spotify_403","musicbrainz_16998","0.8833333333333333"
"spotify_7656","musicbrainz_6413","1.0"
"spotify_6778","musicbrainz_9146","0.9299999999999999"
"spotify_315","musicbrainz_11218","1.0"
"spotify_2218","musicbrainz_7902","0.9571428571428572"
"spotify_1390","musicbrainz_20902","1.0"
"spotify_15856","musicbrainz_9239","1.0"
"spotify_103","musicbrainz_5660","1.0"
"spotify_10524","musicbrainz_28747","0.8079545454545454"
"spotify_338","musicbrainz_3442","0.925"
"spotify_4611","musicbrainz_33664","1.0"
"spotify_2765","musicbrainz_17444","0.9"
"spotify_15831","musicbrainz_17960","0.7666666666666667"
"spotify_5910","musicbrainz_21184","1.0"
"spotify_12036","musicbrainz_3661","0.9125"
"spotify_4702","musicbrainz_26717","1.0"
"spotify_10019","musicbrainz_28717","1.0"
"spotify_19642","musicbrainz_8378","1.0"
"spotify_2376","musicbrainz_27251","0.9321428571428572"
"spotify_13931","musicbrainz_6038","1.0"
"spotify_14920","musicbrainz_33407","0.76"
"spotify_11931","musicbrainz_24531","0.8696428571428572"
"spotify_16762","musicbrainz_12428","1.0"
"spotify_13132","musicbrainz_7909","0.9625"
"spotify_12925","musicbrainz_31969","1.0"
"spotify_1262","musicbrainz_32373","1.0"
"spotify_14594","musicbrainz_7804","1.0"
"spotify_3396","musicbrainz_11139","1.0"
"spotify_17657","musicbrainz_28432","1.0"
"spotify_19777","musicbrainz_28291","0.9714285714285714"
"spotify_1367","musicbrainz_6506","0.9333333333333333"
"spotify_14883","musicbrainz_9243","1.0"
"spotify_19982","musicbrainz_14292","1.0"
"spotify_3432","musicbrainz_14121","1.0"
"spotify_13026","musicbrainz_3663","1.0"
"spotify_9673","musicbrainz_25564","0.8642857142857143"
"spotify_19744","musicbrainz_30486","0.975"
"spotify_1334","musicbrainz_3037","1.0"
"spotify_11761","musicbrainz_33170","0.975"
"spotify_8067","musicbrainz_24567","1.0"
"spotify_62","musicbrainz_727","0.7"
"spotify_17180","musicbrainz_11136","0.9806451612903226"
"spotify_15159","musicbrainz_12229","1.0"
"spotify_19013","musicbrainz_32357","1.0"
"spotify_1405","musicbrainz_33589","1.0"
"spotify_11823","musicbrainz_14276","1.0"
"spotify_14632","musicbrainz_2610","0.95"
"spotify_3501","musicbrainz_14265","1.0"
"spotify_5937","musicbrainz_32983","1.0"
"spotify_1326","musicbrainz_27228","1.0"
"spotify_18121","musicbrainz_755","1.0"
"spotify_15901","musicbrainz_747","1.0"
"spotify_1371","musicbrainz_10206","0.7727272727272727"
"spotify_17685","musicbrainz_30648","1.0"
"spotify_8815","musicbrainz_5744","1.0"
"spotify_8518","musicbrainz_24187","0.9625"
"spotify_12053","musicbrainz_17001","1.0"
"spotify_14579","musicbrainz_12459","1.0"
"spotify_4460","musicbrainz_6608","1.0"
"spotify_4720","musicbrainz_26729","1.0"
"spotify_2808","musicbrainz_118","0.8017857142857143"
"spotify_6961","musicbrainz_17205","1.0"
"spotify_6666","musicbrainz_14259","1.0"
"spotify_17904","musicbrainz_28501","1.0"
"spotify_5925","musicbrainz_26178","0.9571428571428572"
"spotify_19832","musicbrainz_25012","0.89"
"spotify_2797","musicbrainz_28727","1.0"
"spotify_7624","musicbrainz_24374","0.8642857142857143"
"spotify_1399","musicbrainz_25016","0.95"
"spotify_13727","musicbrainz_6409","1.0"
"spotify_12001","musicbrainz_3675","0.945"
"spotify_10775","musicbrainz_6905","0.9571428571428572"
"spotify_10249","musicbrainz_757","1.0"
"spotify_18042","musicbrainz_21342","1.0"
"spotify_4374","musicbrainz_29685","1.0"
"spotify_11762","musicbrainz_24558","0.9571428571428572"
"spotify_2240","musicbrainz_14534","0.9714285714285714"
"spotify_8139","musicbrainz_31546","1.0"
"spotify_18975","musicbrainz_24563","1.0"
"spotify_18997","musicbrainz_14289","1.0"
"spotify_8713","musicbrainz_20811","1.0"
"spotify_13744","musicbrainz_17958","0.7666666666666667"
"spotify_4369","musicbrainz_33827","1.0"
"spotify_1324","musicbrainz_5813","0.975"
"spotify_2643","musicbrainz_18768","1.0"
"spotify_6489","musicbrainz_18160","1.0"
"spotify_10938","musicbrainz_503","0.9349999999999999"
"spotify_18015","musicbrainz_3538","1.0"
"spotify_1493","musicbrainz_9142","0.9299999999999999"
"spotify_11854","musicbrainz_3564","1.0"
"spotify_7642","musicbrainz_22855","0.975"
"spotify_14679","musicbrainz_21161","1.0"
"spotify_19685","musicbrainz_5934","1.0"
"spotify_11701","musicbrainz_2587","0.9249999999999999"
"spotify_14069","musicbrainz_12223","1.0"
"spotify_12722","musicbrainz_10049","0.8833333333333333"
"spotify_2522","musicbrainz_33837","1.0"
"spotify_2310","musicbrainz_24106","1.0"
"spotify_11636","musicbrainz_6616","1.0"
"spotify_19723","musicbrainz_33157","1.0"
"spotify_15083","musicbrainz_2044","0.8416666666666667"
"spotify_9888","musicbrainz_10484","0.95"
"spotify_4666","musicbrainz_13861","1.0"
"spotify_2540","musicbrainz_25554","0.975"
"spotify_10022","musicbrainz_27677","0.97"
"spotify_9175","musicbrainz_33230","1.0"
"spotify_18516","musicbrainz_727","0.8727272727272728"
"spotify_16828","musicbrainz_27229","1.0"
"spotify_17686","musicbrainz_17180","1.0"
"spotify_16676","musicbrainz_29","1.0"
"spotify_11706","musicbrainz_29688","1.0"
"spotify_2515","musicbrainz_29694","0.9625"
"spotify_18540","musicbrainz_28433","1.0"
"spotify_3691","musicbrainz_28169","0.9083333333333333"
"spotify_2590","musicbrainz_33200","0.9416666666666667"
"spotify_14973","musicbrainz_12641","1.0"
"spotify_18754","musicbrainz_7885","1.0"
"spotify_5658","musicbrainz_26075","0.975"
"spotify_17687","musicbrainz_16633","1.0"
"spotify_18598","musicbrainz_3871","0.9785714285714285"
"spotify_8108","musicbrainz_9158","1.0"
"spotify_4443","musicbrainz_10693","0.9099999999999999"
"spotify_10846","musicbrainz_7922","0.98125"
"spotify_10711","musicbrainz_362","0.9299999999999999"
"spotify_12743","musicbrainz_9450","1.0"
"spotify_16839","musicbrainz_17685","1.0"
"spotify_2588","musicbrainz_28447","0.895"
"spotify_3383","musicbrainz_14851","1.0"
"spotify_18529","musicbrainz_353","1.0"
"spotify_13698","musicbrainz_17750","0.975"
"spotify_11701","musicbrainz_2624","0.975"
"spotify_15652","musicbrainz_23265","1.0"
"spotify_12958","musicbrainz_7472","1.0"
"spotify_15063","musicbrainz_33844","1.0"
"spotify_3297","musicbrainz_14536","1.0"
"spotify_13006","musicbrainz_31968","1.0"
"spotify_14641","musicbrainz_17335","0.9038461538461539"
"spotify_17665","musicbrainz_17660","0.865"
"spotify_550","musicbrainz_19050","1.0"
"spotify_15934","musicbrainz_1950","1.0"
"spotify_3697","musicbrainz_3681","0.975"
"spotify_8665","musicbrainz_31954","1.0"
"spotify_9974","musicbrainz_22595","1.0"
"spotify_17935","musicbrainz_31964","1.0"
"spotify_18514","musicbrainz_7899","1.0"
"spotify_5534","musicbrainz_9000","0.9214285714285714"
"spotify_3546","musicbrainz_27232","1.0"
"spotify_15746","musicbrainz_18958","1.0"
"spotify_11781","musicbrainz_14849","0.925"
"spotify_11768","musicbrainz_32366","1.0"
"spotify_9888","musicbrainz_25527","0.95"
"spotify_11040","musicbrainz_4534","0.975"
"spotify_18805","musicbrainz_25022","0.875"
"spotify_19753","musicbrainz_18989","0.975"
"spotify_10998","musicbrainz_3547","0.8499999999999999"
"spotify_1147","musicbrainz_26158","1.0"
"spotify_3444","musicbrainz_16815","0.9099999999999999"
"spotify_14576","musicbrainz_8855","1.0"
"spotify_11664","musicbrainz_14535","1.0"
"spotify_1198","musicbrainz_30651","1.0"
"spotify_10710","musicbrainz_2625","0.9666666666666667"
"spotify_10856","musicbrainz_27227","1.0"
"spotify_15862","musicbrainz_17722","1.0"
"spotify_8697","musicbrainz_23884","1.0"
"spotify_14041","musicbrainz_13471","1.0"
"spotify_18971","musicbrainz_14288","1.0"
"spotify_14847","musicbrainz_32377","1.0"
"spotify_8592","musicbrainz_7209","1.0"
"spotify_8900","musicbrainz_33651","1.0"
"spotify_13877","musicbrainz_6457","0.925"
"spotify_5533","musicbrainz_20820","1.0"
"spotify_13152","musicbrainz_13472","1.0"
"spotify_2261","musicbrainz_3047","1.0"
"spotify_6737","musicbrainz_14264","0.7062499999999999"
"spotify_19859","musicbrainz_3541","1.0"
"spotify_2291","musicbrainz_10409","1.0"
"spotify_15126","musicbrainz_12671","0.975"
"spotify_16959","musicbrainz_21179","1.0"
"spotify_28","musicbrainz_23550","0.9125"
"spotify_11067","musicbrainz_9859","0.97"
"spotify_13836","musicbrainz_3425","1.0"
"spotify_14851","musicbrainz_32382","0.95"
"spotify_15600","musicbrainz_18863","1.0"
"spotify_2698","musicbrainz_32356","1.0"
"spotify_14598","musicbrainz_20627","1.0"
"spotify_13813","musicbrainz_27225","1.0"
"spotify_14641","musicbrainz_1944","1.0"
"spotify_17084","musicbrainz_9247","0.9125"
"spotify_6553","musicbrainz_16244","1.0"
"spotify_84","musicbrainz_6880","0.97"
"spotify_18879","musicbrainz_5596","1.0"
"spotify_222","musicbrainz_27235","1.0"
"spotify_3455","musicbrainz_12862","0.7"
"spotify_16531","musicbrainz_4531","0.95"
"spotify_6783","musicbrainz_3426","1.0"
"spotify_1023","musicbrainz_7911","0.95"
"spotify_7672","musicbrainz_3876","1.0"
"spotify_11872","musicbrainz_797","1.0"
"spotify_14999","musicbrainz_1244","1.0"
"spotify_14755","musicbrainz_8008","1.0"
"spotify_19710","musicbrainz_25916","1.0"
"spotify_6470","musicbrainz_33821","1.0"
"spotify_9710","musicbrainz_16581","1.0"
"spotify_6922","musicbrainz_15693","0.975"
"spotify_11915","musicbrainz_13885","0.9454545454545454"
"spotify_10711","musicbrainz_364","0.8966666666666667"
"spotify_12888","musicbrainz_3494","1.0"
"spotify_17923","musicbrainz_17990","0.7666666666666667"
"spotify_1444","musicbrainz_31537","1.0"
"spotify_19646","musicbrainz_1929","1.0"
"spotify_11657","musicbrainz_1922","0.9454545454545454"
"spotify_9888","musicbrainz_25365","0.9249999999999999"
"spotify_8659","musicbrainz_24539","1.0"
"spotify_8787","musicbrainz_14011","1.0"
"spotify_14761","musicbrainz_27373","0.9647058823529412"
"spotify_9706","musicbrainz_26028","0.9571428571428572"
"spotify_17917","musicbrainz_17681","1.0"
"spotify_3701","musicbrainz_17973","0.7666666666666667"
"spotify_10804","musicbrainz_29391","1.0"
"spotify_4401","musicbrainz_16239","1.0"
"spotify_7109","musicbrainz_4947","1.0"
"spotify_14008","musicbrainz_13483","1.0"
"spotify_19725","musicbrainz_8009","1.0"
"spotify_5737","musicbrainz_30662","1.0"
"spotify_14832","musicbrainz_33209","1.0"
"spotify_11761","musicbrainz_33205","0.9184210526315789"
"spotify_1662","musicbrainz_27253","1.0"
"spotify_5765","musicbrainz_22051","1.0"
"spotify_15950","musicbrainz_4544","0.9397058823529412"
"spotify_17936","musicbrainz_9150","0.975"
"spotify_2305","musicbrainz_25800","1.0"
"spotify_151","musicbrainz_13778","1.0"
"spotify_9825","musicbrainz_19015","0.8833333333333333"
"spotify_483","musicbrainz_31970","1.0"
"spotify_12868","musicbrainz_19007","1.0"
"spotify_10998","musicbrainz_14280","0.8749999999999999"
"spotify_3368","musicbrainz_28286","0.96"
"spotify_16778","musicbrainz_33208","1.0"
"spotify_4451","musicbrainz_6615","1.0"
"spotify_1211","musicbrainz_17753","0.975"
"spotify_1340","musicbrainz_28055","0.9321428571428572"
"spotify_2750","musicbrainz_3579","1.0"
"spotify_15865","musicbrainz_31963","0.9666666666666667"
"spotify_15113","musicbrainz_6596","0.9769230769230769"
"spotify_2500","musicbrainz_16230","1.0"
"spotify_1648","musicbrainz_24562","1.0"
"spotify_10744","musicbrainz_28055","1.0"
"spotify_8891","musicbrainz_22691","1.0"
"spotify_16019","musicbrainz_12900","1.0"
"spotify_8625","musicbrainz_17657","0.8666666666666667"
"spotify_16657","musicbrainz_1943","1.0"
"spotify_5453","musicbrainz_23841","1.0"
"spotify_10852","musicbrainz_793","0.975"
"spotify_6850","musicbrainz_3432","0.9142857142857144"
"spotify_12028","musicbrainz_15479","0.8125"
"spotify_5925","musicbrainz_26167","1.0"
"spotify_2256","musicbrainz_29255","0.9349999999999999"
"spotify_18531","musicbrainz_30478","1.0"
"spotify_12160","musicbrainz_9873","0.9464285714285714"
"spotify_330","musicbrainz_21325","1.0"
"spotify_7723","musicbrainz_12868","1.0"
"spotify_13255","musicbrainz_20444","1.0"
"spotify_5521","musicbrainz_9462","0.9647058823529412"
"spotify_4056","musicbrainz_28359","0.825"
"spotify_2308","musicbrainz_1928","1.0"
"spotify_6584","musicbrainz_32371","1.0"
"spotify_19573","musicbrainz_1916","1.0"
"spotify_19570","musicbrainz_30653","1.0"
"spotify_19502","musicbrainz_18867","1.0"
"spotify_18586","musicbrainz_22854","0.8125"
"spotify_10801","musicbrainz_26030","0.9116666666666666"
"spotify_2494","musicbrainz_33217","1.0"
"spotify_16150","musicbrainz_9842","0.8589285714285714"
"spotify_16113","musicbrainz_17734","1.0"
"spotify_14828","musicbrainz_33233","0.9204545454545454"
"spotify_4537","musicbrainz_6407","1.0"
"spotify_8876","musicbrainz_21323","0.9625"
"spotify_257","musicbrainz_27231","0.95"
"spotify_9814","musicbrainz_28133","1.0"
"spotify_12946","musicbrainz_12204","1.0"
"spotify_8605","musicbrainz_29248","1.0"
"spotify_3530","musicbrainz_14009","0.7"
"spotify_16762","musicbrainz_27369","0.9647058823529412"
"spotify_19676","musicbrainz_1277","1.0"
"spotify_14703","musicbrainz_14857","1.0"
"spotify_10833","musicbrainz_18747","1.0"
"spotify_12996","musicbrainz_22683","1.0"
"spotify_4799","musicbrainz_3543","1.0"
"spotify_13745","musicbrainz_18758","0.9204545454545454"
"spotify_6681","musicbrainz_17443","0.9321428571428572"
"spotify_5520","musicbrainz_736","1.0"
"spotify_13787","musicbrainz_33234","0.9083333333333333"
"spotify_9652","musicbrainz_28281","0.9571428571428572"
"spotify_4861","musicbrainz_9672","1.0"
"spotify_8012","musicbrainz_8092","1.0"
"spotify_14773","musicbrainz_12897","0.9375"
"spotify_10065","musicbrainz_23998","1.0"
"spotify_8526","musicbrainz_21652","1.0"
"spotify_14949","musicbrainz_4514","0.8522058823529411"
"spotify_18639","musicbrainz_13461","1.0"
"spotify_10357","musicbrainz_29703","0.9535714285714285"
"spotify_205","musicbrainz_18435","0.8579545454545454"
"spotify_13170","musicbrainz_12220","1.0"
"spotify_8113","musicbrainz_6534","1.0"
"spotify_8656","musicbrainz_30130","1.0"
"spotify_236","musicbrainz_12880","0.975"
"spotify_5714","musicbrainz_27236","1.0"
"spotify_5925","musicbrainz_26200","0.9571428571428572"
"spotify_15651","musicbrainz_23563","0.7333333333333334"
"spotify_14915","musicbrainz_2646","1.0"
"spotify_13883","musicbrainz_28298","1.0"
"spotify_16697","musicbrainz_26614","1.0"
"spotify_4564","musicbrainz_19068","0.9400000000000001"
"spotify_13163","musicbrainz_13470","1.0"
"spotify_18848","musicbrainz_30086","1.0"
"spotify_16671","musicbrainz_8376","1.0"
"spotify_11011","musicbrainz_3681","0.9416666666666667"
"spotify_13612","musicbrainz_10091","0.9739130434782609"
"spotify_18029","musicbrainz_13949","0.7784090909090908"
"spotify_12832","musicbrainz_13848","1.0"
"spotify_18515","musicbrainz_12401","0.95"
"spotify_2375","musicbrainz_6414","1.0"
"spotify_13657","musicbrainz_11202","1.0"
"spotify_3717","musicbrainz_18145","1.0"
"spotify_1335","musicbrainz_3508","0.96"
"spotify_2885","musicbrainz_8830","1.0"
"spotify_1106","musicbrainz_20628","1.0"
"spotify_11772","musicbrainz_8069","1.0"
"spotify_12722","musicbrainz_33623","0.7833333333333333"
"spotify_8565","musicbrainz_30960","1.0"
"spotify_1404","musicbrainz_33835","1.0"
"spotify_18815","musicbrainz_26724","1.0"
"spotify_1314","musicbrainz_14019","1.0"
"spotify_557","musicbrainz_3853","1.0"
"spotify_15651","musicbrainz_17672","1.0"
"spotify_1","musicbrainz_7903","1.0"
"spotify_8986","musicbrainz_3680","0.915"
"spotify_12718","musicbrainz_12477","0.95"
"spotify_3711","musicbrainz_28711","1.0"
"spotify_1365","musicbrainz_25251","1.0"
"spotify_15695","musicbrainz_12867","1.0"
"spotify_6074","musicbrainz_11114","1.0"
"spotify_14581","musicbrainz_6609","1.0"
"spotify_9709","musicbrainz_19968","1.0"
"spotify_7778","musicbrainz_3570","1.0"
"spotify_16633","musicbrainz_17668","0.895"
"spotify_6586","musicbrainz_3710","1.0"
"spotify_11919","musicbrainz_28438","1.0"
"spotify_19919","musicbrainz_28589","1.0"
"spotify_8725","musicbrainz_32972","0.975"
"spotify_4547","musicbrainz_28158","0.95"
"spotify_16828","musicbrainz_27271","0.97"
"spotify_1759","musicbrainz_17716","0.9125"
"spotify_15985","musicbrainz_11115","0.95"
"spotify_4716","musicbrainz_29683","0.95"
"spotify_1405","musicbrainz_26925","0.8999999999999999"
"spotify_19769","musicbrainz_15291","1.0"
"spotify_11989","musicbrainz_12196","1.0"
"spotify_5925","musicbrainz_26197","0.9571428571428572"
"spotify_17913","musicbrainz_17725","1.0"
"spotify_3404","musicbrainz_14853","1.0"
"spotify_17638","musicbrainz_12460","1.0"
"spotify_16660","musicbrainz_32963","1.0"
"spotify_620","musicbrainz_18000","0.7666666666666667"
"spotify_13032","musicbrainz_3677","0.9416666666666667"
"spotify_13874","musicbrainz_25556","1.0"
"spotify_13036","musicbrainz_9860","1.0"
"spotify_2333","musicbrainz_1934","1.0"
"spotify_13744","musicbrainz_17994","0.7063725490196079"
"spotify_13809","musicbrainz_27270","0.968421052631579"
"spotify_4679","musicbrainz_22045","0.7333333333333334"
"spotify_17035","musicbrainz_107","0.8833333333333333"
"spotify_17818","musicbrainz_29680","1.0"
"spotify_373","musicbrainz_32466","1.0"
"spotify_137","musicbrainz_17336","0.8892857142857143"
"spotify_8909","musicbrainz_24001","1.0"
"spotify_11112","musicbrainz_21338","1.0"
"spotify_11909","musicbrainz_8458","0.8233333333333334"
"spotify_5834","musicbrainz_11719","1.0"
"spotify_4165","musicbrainz_33182","0.9013513513513512"
"spotify_19644","musicbrainz_17747","0.975"
"spotify_15801","musicbrainz_7889","1.0"
"spotify_14643","musicbrainz_23255","1.0"
"spotify_10987","musicbrainz_17682","0.9125"
"spotify_205","musicbrainz_18423","0.9125"
"spotify_3605","musicbrainz_33648","1.0"
"spotify_16676","musicbrainz_36","0.925"
"spotify_14763","musicbrainz_29682","0.9299999999999999"
"spotify_18951","musicbrainz_122","1.0"
"spotify_16747","musicbrainz_386","1.0"
"spotify_18677","musicbrainz_27363","0.9571428571428572"
"spotify_11636","musicbrainz_6599","0.9294117647058824"
"spotify_3297","musicbrainz_14533","0.96"
"spotify_1309","musicbrainz_14280","0.9184210526315789"
"spotify_8002","musicbrainz_31974","1.0"
"spotify_12186","musicbrainz_12215","1.0"
"spotify_9673","musicbrainz_25565","0.8642857142857143"
"spotify_16575","musicbrainz_367","0.90625"
"spotify_313","musicbrainz_16793","1.0"
"spotify_8648","musicbrainz_9668","1.0"
"spotify_7995","musicbrainz_18144","1.0"
"spotify_16976","musicbrainz_7232","1.0"
"spotify_17678","musicbrainz_12863","1.0"
"spotify_11092","musicbrainz_12213","1.0"
"spotify_12923","musicbrainz_33833","1.0"
"spotify_18038","musicbrainz_3860","1.0"
"spotify_9888","musicbrainz_10483","0.95"
"spotify_8659","musicbrainz_24559","0.9714285714285714"
"spotify_9025","musicbrainz_14293","1.0"
"spotify_12021","musicbrainz_33176","1.0"
"spotify_13723","musicbrainz_23983","1.0"
"spotify_14152","musicbrainz_22703","1.0"
"spotify_16817","musicbrainz_2608","1.0"
"spotify_11014","musicbrainz_6645","0.97"
"spotify_14632","musicbrainz_2596","0.8954545454545454"
"spotify_17293","musicbrainz_6051","0.975"
"spotify_18677","musicbrainz_12427","1.0"
"spotify_16737","musicbrainz_32637","0.975"
"spotify_391","musicbrainz_22681","1.0"
"spotify_9907","musicbrainz_11215","1.0"
"spotify_15851","musicbrainz_32383","1.0"
"spotify_7757","musicbrainz_18760","1.0"
"spotify_12949","musicbrainz_13949","0.8316666666666667"
"spotify_13725","musicbrainz_32367","1.0"
"spotify_18688","musicbrainz_7888","1.0"
"spotify_17782","musicbrainz_7886","1.0"
"spotify_10022","musicbrainz_27684","1.0"
"spotify_401","musicbrainz_12439","1.0"
"spotify_20004","musicbrainz_5624","1.0"
"spotify_19804","musicbrainz_3676","0.8928571428571428"
"spotify_19548","musicbrainz_33626","0.82875"
"spotify_10943","musicbrainz_26722","0.95"
"spotify_8609","musicbrainz_26157","1.0"
"spotify_2765","musicbrainz_17436","0.9416666666666667"
"spotify_9899","musicbrainz_33212","0.975"
"spotify_6499","musicbrainz_3044","1.0"
"spotify_3314","musicbrainz_18654","0.9063725490196078"
"spotify_17790","musicbrainz_20431","1.0"
"spotify_5530","musicbrainz_6106","0.8493589743589743"
"spotify_8580","musicbrainz_17504","0.895"
"spotify_9794","musicbrainz_14008","1.0"
"spotify_15627","musicbrainz_19584","1.0"
"spotify_13032","musicbrainz_3660","1.0"
"spotify_18747","musicbrainz_27383","0.9400000000000001"
"spotify_1763","musicbrainz_33238","1.0"
"spotify_12779","musicbrainz_1927","1.0"
"spotify_10978","musicbrainz_31966","0.97"
"spotify_8605","musicbrainz_29253","0.9538461538461539"
"spotify_11079","musicbrainz_3682","0.95"
"spotify_2759","musicbrainz_116","1.0"
"spotify_15664","musicbrainz_13845","0.9739130434782609"
"spotify_15852","musicbrainz_16226","1.0"
"spotify_5651","musicbrainz_796","0.975"
"spotify_3368","musicbrainz_28280","1.0"
"spotify_19489","musicbrainz_17666","0.9400000000000001"
"spotify_19547","musicbrainz_23258","1.0"
"spotify_16157","musicbrainz_17705","0.9416666666666667"
"spotify_3279","musicbrainz_12453","1.0"
"spotify_10943","musicbrainz_510","0.8826923076923077"
"spotify_4761","musicbrainz_14136","1.0"
"spotify_15573","musicbrainz_5441","1.0"
"spotify_18740","musicbrainz_3032","1.0"
"spotify_4564","musicbrainz_19065","0.9400000000000001"
"spotify_12858","musicbrainz_27367","0.9625"
"spotify_17583","musicbrainz_29563","0.9625"
"spotify_10260","musicbrainz_6676","0.8285714285714285"
"spotify_8725","musicbrainz_32990","0.975"
"spotify_1122","musicbrainz_18158","1.0"
"spotify_5521","musicbrainz_9451","1.0"
"spotify_2544","musicbrainz_9143","1.0"
"spotify_13748","musicbrainz_25915","0.9538461538461539"
"spotify_8602","musicbrainz_14554","1.0"
"spotify_16799","musicbrainz_18844","0.8833333333333333"
"spotify_17180","musicbrainz_11124","1.0"
"spotify_6681","musicbrainz_17419","1.0"
"spotify_5947","musicbrainz_33846","1.0"
"spotify_15572","musicbrainz_31003","1.0"
"spotify_18747","musicbrainz_12429","1.0"
"spotify_1196","musicbrainz_737","1.0"
"spotify_10856","musicbrainz_27275","0.95"
"spotify_18765","musicbrainz_33834","1.0"
"spotify_5712","musicbrainz_30480","0.975"
"spotify_15657","musicbrainz_8599","0.9454545454545454"
"spotify_5539","musicbrainz_32368","1.0"
"spotify_4439","musicbrainz_29687","1.0"
"spotify_6931","musicbrainz_28170","0.915"
"spotify_8206","musicbrainz_18009","0.7666666666666667"
"spotify_8581","musicbrainz_2699","1.0"
"spotify_5998","musicbrainz_27296","1.0"
"spotify_15018","musicbrainz_12222","1.0"
"spotify_10973","musicbrainz_8458","0.7742424242424242"
"spotify_7596","musicbrainz_1940","1.0"
"spotify_11823","musicbrainz_14300","0.8999999999999999"
"spotify_3317","musicbrainz_33634","1.0"
"spotify_3526","musicbrainz_29677","0.9299999999999999"
"spotify_5633","musicbrainz_24536","1.0"
"spotify_262","musicbrainz_12887","0.975"
"spotify_1316","musicbrainz_14264","0.95"
"spotify_4579","musicbrainz_19558","1.0"
"spotify_6843","musicbrainz_30658","0.9714285714285714"
"spotify_205","musicbrainz_18436","0.8852272727272728"
"spotify_2442","musicbrainz_785","1.0"
"spotify_11842","musicbrainz_20832","1.0"
"spotify_11928","musicbrainz_21321","1.0"
"spotify_9686","musicbrainz_1931","1.0"
"spotify_9777","musicbrainz_2338","0.9416666666666667"
"spotify_2687","musicbrainz_17977","0.72"
"spotify_84","musicbrainz_6831","1.0"
"spotify_2592","musicbrainz_17425","1.0"
"spotify_13567","musicbrainz_24375","0.9199999999999999"
"spotify_313","musicbrainz_16782","1.0"
"spotify_14604","musicbrainz_33624","0.8533333333333333"
"spotify_1214","musicbrainz_17752","0.975"
"spotify_8094","musicbrainz_21336","1.0"
"spotify_17661","musicbrainz_22418","0.9625"
"spotify_5633","musicbrainz_24556","0.88"
"spotify_11067","musicbrainz_30089","1.0"
"spotify_679","musicbrainz_24479","0.9666666666666667"
"spotify_13861","musicbrainz_2846","1.0"
"spotify_12021","musicbrainz_33202","0.9249999999999999"
"spotify_8725","musicbrainz_32961","0.855"
"spotify_385","musicbrainz_24450","1.0"
"spotify_1275","musicbrainz_31951","0.958139534883721"
"spotify_318","musicbrainz_31275","0.96"
"spotify_14948","musicbrainz_4532","0.975"
"spotify_470","musicbrainz_3535","1.0"
"spotify_8825","musicbrainz_9145","1.0"
"spotify_11152","musicbrainz_112","1.0"
"spotify_8847","musicbrainz_504","0.975"
"spotify_9194","musicbrainz_28722","1.0"
"spotify_14598","musicbrainz_20656","0.9349999999999999"
"spotify_437","musicbrainz_9923","0.7428571428571429"
"spotify_19688","musicbrainz_29678","1.0"
"spotify_8601","musicbrainz_8851","1.0"
"spotify_11915","musicbrainz_13860","1.0"
"spotify_13644","musicbrainz_20816","1.0"
"spotify_13618","musicbrainz_2586","0.9147058823529411"
"spotify_9167","musicbrainz_4951","1.0"
"spotify_11005","musicbrainz_15697","0.975"
"spotify_15941","musicbrainz_2050","0.975"
"spotify_5809","musicbrainz_25021","0.9"
"spotify_45","musicbrainz_23256","1.0"
"spotify_13896","musicbrainz_33836","0.9125"
"spotify_16817","musicbrainz_2644","0.95"
"spotify_190","musicbrainz_28059","0.9"
"spotify_20092","musicbrainz_4517","0.9666666666666667"
"spotify_16980","musicbrainz_18764","1.0"
"spotify_18639","musicbrainz_13438","1.0"
"spotify_5616","musicbrainz_6410","1.0"
"spotify_6970","musicbrainz_113","1.0"
"spotify_2859","musicbrainz_8828","1.0"
"spotify_9108","musicbrainz_18007","0.7666666666666667"
"spotify_8525","musicbrainz_7900","0.98125"
"spotify_4474","musicbrainz_31009","0.8327272727272728"
"spotify_1495","musicbrainz_4933","1.0"
"spotify_6092","musicbrainz_756","1.0"
"spotify_7968","musicbrainz_5752","1.0"
"spotify_15904","musicbrainz_9141","0.95625"
"spotify_19633","musicbrainz_1754","0.825"
"spotify_4443","musicbrainz_10690","0.9099999999999999"
"spotify_14691","musicbrainz_32959","1.0"
"spotify_19832","musicbrainz_25051","0.89"
"spotify_1358","musicbrainz_17160","1.0"
"spotify_16530","musicbrainz_4516","0.95"
"spotify_8640","musicbrainz_25057","1.0"
"spotify_11921","musicbrainz_5739","1.0"
"spotify_5440","musicbrainz_32394","1.0"
"spotify_15835","musicbrainz_3562","1.0"
"spotify_6736","musicbrainz_30484","0.975"
"spotify_14004","musicbrainz_26168","1.0"
"spotify_10687","musicbrainz_33628","1.0"
"spotify_239","musicbrainz_6130","1.0"
"spotify_2709","musicbrainz_3929","1.0"
"spotify_19537","musicbrainz_2494","0.9739130434782609"
"spotify_10140","musicbrainz_30796","1.0"
"spotify_1213","musicbrainz_2361","0.725"
"spotify_3287","musicbrainz_3895","1.0"
"spotify_96","musicbrainz_24373","0.875"
"spotify_1362","musicbrainz_2040","1.0"
"spotify_2585","musicbrainz_33840","1.0"
"spotify_11703","musicbrainz_17663","1.0"
"spotify_5543","musicbrainz_29398","1.0"
"spotify_12939","musicbrainz_12203","1.0"
"spotify_14625","musicbrainz_733","1.0"
"spotify_8116","musicbrainz_16798","1.0"
"spotify_8695","musicbrainz_13780","1.0"
"spotify_381","musicbrainz_28444","1.0"
"spotify_10740","musicbrainz_14848","0.9625"
"spotify_16855","musicbrainz_31960","1.0"
"spotify_14579","musicbrainz_27361","0.9538461538461539"
"spotify_15000","musicbrainz_24478","0.8287878787878787"
"spotify_15674","musicbrainz_23881","1.0"
"spotify_7861","musicbrainz_33842","1.0"
"spotify_7925","musicbrainz_32089","0.9727272727272728"
"spotify_10930","musicbrainz_4153","0.9349999999999999"
"spotify_1192","musicbrainz_14048","0.83"
"spotify_4645","musicbrainz_30137","1.0"
"spotify_7879","musicbrainz_7728","0.8615384615384615"
"spotify_15049","musicbrainz_19052","1.0"
"spotify_15950","musicbrainz_4515","0.9647058823529412"
"spotify_9649","musicbrainz_21472","1.0"
"spotify_4395","musicbrainz_26161","1.0"
"spotify_13745","musicbrainz_18759","0.9204545454545454"
"spotify_1213","musicbrainz_2331","1.0"
"spotify_3353","musicbrainz_3043","0.9739130434782609"
"spotify_4621","musicbrainz_9715","0.9416666666666667"
"spotify_354","musicbrainz_9147","0.9299999999999999"
"spotify_174","musicbrainz_24540","1.0"
"spotify_19500","musicbrainz_739","1.0"
"spotify_4676","musicbrainz_25560","1.0"
"spotify_17635","musicbrainz_2597","0.95"
"spotify_4771","musicbrainz_25024","0.9125"
"spotify_3647","musicbrainz_17987","0.7666666666666667"
"spotify_9848","musicbrainz_7895","1.0"
"spotify_16611","musicbrainz_2592","0.9112903225806451"
"spotify_9608","musicbrainz_1945","1.0"
"spotify_7631","musicbrainz_16245","1.0"
"spotify_18687","musicbrainz_17155","1.0"
"spotify_7029","musicbrainz_18657","1.0"
"spotify_239","musicbrainz_6158","0.9489130434782609"
"spotify_9888","musicbrainz_10481","0.95"
"spotify_15698","musicbrainz_28548","1.0"
"spotify_8886","musicbrainz_23893","1.0"
"spotify_10841","musicbrainz_6492","0.95"
"spotify_13240","musicbrainz_8825","1.0"
"spotify_11044","musicbrainz_15479","0.975"
"spotify_19588","musicbrainz_16637","1.0"
"spotify_12820","musicbrainz_14858","1.0"
"spotify_6812","musicbrainz_25558","0.8833333333333333"
"spotify_19784","musicbrainz_25023","0.9288461538461539"
"spotify_15915","musicbrainz_16224","1.0"
"spotify_6892","musicbrainz_15687","0.975"
"spotify_13849","musicbrainz_33645","1.0"
"spotify_3780","musicbrainz_9871","0.9477272727272728"
"spotify_5809","musicbrainz_25053","0.975"
"spotify_8196","musicbrainz_4159","1.0"
"spotify_4294","musicbrainz_28021","0.9038461538461539"
"spotify_12813","musicbrainz_12862","0.9538461538461539"
"spotify_12706","musicbrainz_1918","0.9666666666666667"
"spotify_257","musicbrainz_27266","0.9538461538461539"
"spotify_1241","musicbrainz_30070","1.0"
"spotify_17899","musicbrainz_33218","1.0"
"spotify_9212","musicbrainz_21657","0.95"
"spotify_2220","musicbrainz_732","1.0"
"spotify_17953","musicbrainz_3667","1.0"
"spotify_13848","musicbrainz_16222","1.0"
"spotify_6538","musicbrainz_33633","0.8517543859649123"
"spotify_2779","musicbrainz_18656","0.895"
"spotify_18719","musicbrainz_9705","1.0"
"spotify_6597","musicbrainz_3869","1.0"
"spotify_1513","musicbrainz_1960","1.0"
"spotify_13787","musicbrainz_33232","0.975"
"spotify_216","musicbrainz_14268","1.0"
"spotify_1434","musicbrainz_501","0.8376436781609196"
"spotify_1254","musicbrainz_13439","1.0"
"spotify_6826","musicbrainz_743","1.0"
"spotify_5645","musicbrainz_9905","0.9625"
"spotify_18789","musicbrainz_30657","1.0"
"spotify_19584","musicbrainz_3076","1.0"
"spotify_8317","musicbrainz_33225","0.8892857142857143"
"spotify_9047","musicbrainz_26084","1.0"
"spotify_15689","musicbrainz_1762","0.825"
"spotify_7017","musicbrainz_8020","1.0"
"spotify_4918","musicbrainz_32354","1.0"
"spotify_12991","musicbrainz_9241","1.0"
"spotify_19815","musicbrainz_24441","0.7"
"spotify_7615","musicbrainz_357","1.0"
"spotify_9121","musicbrainz_11035","0.968421052631579"
"spotify_201","musicbrainz_14302","0.95"
"spotify_9964","musicbrainz_24547","0.8633333333333333"
"spotify_10710","musicbrainz_2620","0.9666666666666667"
"spotify_4845","musicbrainz_33180","1.0"
"spotify_14111","musicbrainz_28729","1.0"
"spotify_13042","musicbrainz_14279","1.0"
"spotify_16676","musicbrainz_35","0.925"
"spotify_254","musicbrainz_14260","1.0"
"spotify_16710","musicbrainz_25526","0.7875"
"spotify_5445","musicbrainz_3040","1.0"
"spotify_10916","musicbrainz_24553","1.0"
"spotify_2751","musicbrainz_109","1.0"
"spotify_7602","musicbrainz_29692","1.0"
"spotify_3780","musicbrainz_9840","1.0"
"spotify_1309","musicbrainz_3547","0.9184210526315789"
"spotify_4421","musicbrainz_2604","0.95"
"spotify_8801","musicbrainz_10207","0.9"
"spotify_16162","musicbrainz_14299","0.9299999999999999"
"spotify_6806","musicbrainz_17551","0.9333333333333333"
"spotify_14061","musicbrainz_7908","1.0"
"spotify_3568","musicbrainz_29681","1.0"
"spotify_13139","musicbrainz_16684","0.95"
"spotify_10956","musicbrainz_24545","1.0"
"spotify_15698","musicbrainz_28523","0.9666666666666667"
"spotify_4421","musicbrainz_2627","0.968421052631579"
"spotify_67","musicbrainz_6963","1.0"
"spotify_14564","musicbrainz_12455","1.0"
"spotify_18104","musicbrainz_15484","0.9400000000000001"
"spotify_9989","musicbrainz_1958","1.0"
"spotify_10021","musicbrainz_6871","0.97"
"spotify_497","musicbrainz_23557","1.0"
"spotify_4506","musicbrainz_23915","0.7863636363636364"
"spotify_5517","musicbrainz_6853","0.9666666666666667"
"spotify_17796","musicbrainz_33215","1.0"
"spotify_13928","musicbrainz_3686","0.968421052631579"
"spotify_19688","musicbrainz_29695","0.9837837837837838"
"spotify_17876","musicbrainz_9248","0.975"
"spotify_504","musicbrainz_9845","1.0"
"spotify_12898","musicbrainz_1274","1.0"
"spotify_2308","musicbrainz_17337","0.9249999999999999"
"spotify_2427","musicbrainz_1268","1.0"
"spotify_4873","musicbrainz_32975","1.0"
"spotify_277","musicbrainz_14261","0.8941176470588235"
"spotify_12706","musicbrainz_1935","1.0"
"spotify_11797","musicbrainz_14870","0.95"
"spotify_2549","musicbrainz_746","1.0"
"spotify_10934","musicbrainz_28439","1.0"
"spotify_7624","musicbrainz_24370","0.8642857142857143"
"spotify_12739","musicbrainz_19433","0.7616666666666667"
"spotify_33","musicbrainz_33620","0.869047619047619"
"spotify_4616","musicbrainz_33156","1.0"
"spotify_9200","musicbrainz_1008","1.0"
"spotify_9722","musicbrainz_6411","1.0"
"spotify_12922","musicbrainz_9138","1.0"
"spotify_9690","musicbrainz_32958","1.0"
"spotify_7825","musicbrainz_19204","1.0"
"spotify_14825","musicbrainz_18749","1.0"
"spotify_17583","musicbrainz_29547","1.0"
"spotify_13126","musicbrainz_27295","1.0"
"spotify_2552","musicbrainz_2845","1.0"
"spotify_18856","musicbrainz_17431","1.0"
"spotify_96","musicbrainz_24339","0.9650000000000001"
"spotify_6115","musicbrainz_33240","1.0"
"spotify_3498","musicbrainz_14275","1.0"
"spotify_16997","musicbrainz_6720","0.9666666666666667"
"spotify_10132","musicbrainz_24483","1.0"
"spotify_16656","musicbrainz_16243","1.0"
"spotify_10071","musicbrainz_6143","0.8916666666666666"
"spotify_2372","musicbrainz_26612","1.0"
"spotify_9022","musicbrainz_7743","0.9625"
"spotify_11014","musicbrainz_6631","0.945"
"spotify_3412","musicbrainz_26050","1.0"
"spotify_19799","musicbrainz_26730","0.98125"
"spotify_17010","musicbrainz_8085","1.0"
"spotify_15710","musicbrainz_17751","0.9527777777777778"
"spotify_6718","musicbrainz_29571","1.0"
"spotify_3431","musicbrainz_6057","0.9416666666666667"
"spotify_1437","musicbrainz_24475","0.9400000000000001"
"spotify_13796","musicbrainz_346","1.0"
"spotify_13836","musicbrainz_3435","0.9333333333333333"
"spotify_4638","musicbrainz_3033","1.0"
"spotify_18628","musicbrainz_6404","1.0"
"spotify_17583","musicbrainz_29560","0.9625"
"spotify_12966","musicbrainz_12202","1.0"
"spotify_13699","musicbrainz_30644","1.0"
"spotify_19832","musicbrainz_25050","0.9400000000000001"
"spotify_13046","musicbrainz_2048","0.975"
"spotify_10710","musicbrainz_2622","0.9666666666666667"
"spotify_1329","musicbrainz_9706","1.0"
"spotify_19680","musicbrainz_3568","1.0"
"spotify_3297","musicbrainz_14539","0.96"
"spotify_15686","musicbrainz_30065","0.9571428571428572"
"spotify_17622","musicbrainz_23263","1.0"
"spotify_4460","musicbrainz_25545","1.0"
"spotify_14653","musicbrainz_6371","1.0"
"spotify_15867","musicbrainz_31276","1.0"
"spotify_190","musicbrainz_28060","0.9"
"spotify_8527","musicbrainz_2911","1.0"
"spotify_9770","musicbrainz_31950","1.0"
"spotify_7090","musicbrainz_6641","1.0"
"spotify_11005","musicbrainz_15702","0.9288461538461539"
"spotify_13100","musicbrainz_13473","1.0"
"spotify_3600","musicbrainz_14265","0.8621428571428572"
"spotify_1133","musicbrainz_23259","0.9823529411764705"
"spotify_3922","musicbrainz_24467","1.0"
"spotify_9889","musicbrainz_32340","1.0"
"spotify_19732","musicbrainz_9710","1.0"
"spotify_15064","musicbrainz_3532","1.0"
"spotify_17042","musicbrainz_9153","0.9739130434782609"
"spotify_5543","musicbrainz_28062","0.9321428571428572"
"spotify_16969","musicbrainz_3540","1.0"
"spotify_6632","musicbrainz_3080","1.0"
"spotify_612","musicbrainz_28723","1.0"
"spotify_16895","musicbrainz_21326","1.0"
"spotify_12690","musicbrainz_3889","1.0"
"spotify_8834","musicbrainz_28443","1.0"
"spotify_5779","musicbrainz_26719","1.0"
"spotify_9978","musicbrainz_9864","0.9400000000000001"
"spotify_10856","musicbrainz_27265","0.95"
"spotify_8605","musicbrainz_29231","0.9249999999999999"
"spotify_4843","musicbrainz_17434","1.0"
"spotify_20079","musicbrainz_24459","1.0"
"spotify_3534","musicbrainz_10220","0.8833333333333333"
"spotify_3778","musicbrainz_9159","0.9625"
"spotify_13108","musicbrainz_13480","1.0"
"spotify_8877","musicbrainz_21322","0.975"
"spotify_437","musicbrainz_9915","1.0"
"spotify_7557","musicbrainz_33609","1.0"
"spotify_338","musicbrainz_3443","0.925"
"spotify_13175","musicbrainz_12218","1.0"
"spotify_13567","musicbrainz_24328","1.0"
"spotify_17789","musicbrainz_11107","0.9125"
"spotify_9144","musicbrainz_33224","1.0"
"spotify_17816","musicbrainz_7891","1.0"
"spotify_17786","musicbrainz_14273","1.0"
"spotify_2320","musicbrainz_383","1.0"
"spotify_2256","musicbrainz_29234","0.975"
"spotify_2","musicbrainz_33823","1.0"
"spotify_19810","musicbrainz_26898","0.975"
"spotify_174","musicbrainz_24557","0.96"
"spotify_9069","musicbrainz_33851","1.0"
"spotify_18500","musicbrainz_33627","0.8533333333333333"
"spotify_19799","musicbrainz_26721","0.71875"
"spotify_7598","musicbrainz_16238","1.0"
"spotify_13037","musicbrainz_8090","1.0"
"spotify_15935","musicbrainz_7942","1.0"
"spotify_12893","musicbrainz_8007","1.0"
"spotify_13036","musicbrainz_9862","0.9"
"spotify_8587","musicbrainz_7898","1.0"
"spotify_14920","musicbrainz_20554","1.0"
"spotify_10744","musicbrainz_28058","0.9321428571428572"
"spotify_11063","musicbrainz_15451","1.0"
"spotify_2475","musicbrainz_14263","1.0"
"spotify_13139","musicbrainz_9851","0.975"
"spotify_19772","musicbrainz_2611","0.915"
"spotify_1340","musicbrainz_28058","1.0"
"spotify_8161","musicbrainz_19514","0.9125"
"spotify_6047","musicbrainz_8824","0.7375"
"spotify_6525","musicbrainz_29686","1.0"
"spotify_6572","musicbrainz_11181","1.0"
"spotify_5498","musicbrainz_30493","0.9647058823529412"
"spotify_15110","musicbrainz_17706","0.9125"
"spotify_10672","musicbrainz_2623","0.9571428571428572"
"spotify_14681","musicbrainz_24534","1.0"
"spotify_5667","musicbrainz_30075","0.8541666666666666"
"spotify_10801","musicbrainz_26045","0.9416666666666667"
"spotify_6850","musicbrainz_3437","1.0"
"spotify_16711","musicbrainz_32372","1.0"
"spotify_4382","musicbrainz_33831","1.0"
"spotify_7568","musicbrainz_14051","0.95"
"spotify_273","musicbrainz_5821","1.0"
"spotify_14592","musicbrainz_18154","1.0"
"spotify_1546","musicbrainz_18427","0.9125"
"spotify_16575","musicbrainz_362","0.9229166666666666"
"spotify_9888","musicbrainz_10482","0.95"
"spotify_11962","musicbrainz_31961","1.0"
"spotify_11809","musicbrainz_14856","0.9454545454545454"
"spotify_15907","musicbrainz_17721","1.0"
"spotify_4405","musicbrainz_29725","0.9538461538461539"
"spotify_215","musicbrainz_33692","1.0"
"spotify_1432","musicbrainz_20250","1.0"
"spotify_7732","musicbrainz_20894","0.975"
"spotify_5674","musicbrainz_6524","1.0"
"spotify_12169","musicbrainz_12217","1.0"
"spotify_2284","musicbrainz_8852","1.0"
"spotify_1475","musicbrainz_5459","1.0"
"spotify_2414","musicbrainz_791","0.975"
"spotify_10744","musicbrainz_28057","0.9321428571428572"
"spotify_4822","musicbrainz_18773","0.9454545454545454"
"spotify_13898","musicbrainz_24548","1.0"
"spotify_5911","musicbrainz_27399","0.9454545454545454"
"spotify_7770","musicbrainz_27366","0.9538461538461539"
"spotify_8754","musicbrainz_19014","1.0"
"spotify_247","musicbrainz_32291","0.7083333333333334"
"spotify_17686","musicbrainz_17199","0.7357142857142857"
"spotify_9730","musicbrainz_28530","1.0"
"spotify_1340","musicbrainz_28057","1.0"
"spotify_11014","musicbrainz_6644","0.95"
"spotify_4903","musicbrainz_19058","0.8833333333333333"
"spotify_10032","musicbrainz_23997","0.96"
"spotify_10838","musicbrainz_33210","1.0"
"spotify_15960","musicbrainz_33388","1.0"
"spotify_8614","musicbrainz_13847","1.0"
"spotify_133","musicbrainz_33190","0.975"
"spotify_13877","musicbrainz_6449","1.0"
"spotify_15655","musicbrainz_1936","1.0"
"spotify_5883","musicbrainz_33175","1.0"
"spotify_7748","musicbrainz_32636","0.9538461538461539"
"spotify_4494","musicbrainz_13850","1.0"
"spotify_7644","musicbrainz_22857","0.8875"
"spotify_18783","musicbrainz_24455","1.0"
"spotify_4381","musicbrainz_29614","0.96"
"spotify_19660","musicbrainz_12656","1.0"
"spotify_13168","musicbrainz_114","1.0"
"spotify_8872","musicbrainz_24448","1.0"
"spotify_5534","musicbrainz_8966","1.0"
"spotify_5595","musicbrainz_8364","1.0"
"spotify_6027","musicbrainz_17713","1.0"
"spotify_7770","musicbrainz_27377","0.9538461538461539"
"spotify_16060","musicbrainz_7914","1.0"
"spotify_4928","musicbrainz_9152","1.0"
"spotify_13590","musicbrainz_22942","1.0"
"spotify_9816","musicbrainz_6384","0.9454545454545454"
"spotify_12129","musicbrainz_12212","1.0"
"spotify_4771","musicbrainz_25021","0.9125"
"spotify_206","musicbrainz_29676","1.0"
"spotify_13246","musicbrainz_24015","1.0"
"spotify_10843","musicbrainz_33166","0.8488461538461539"
"spotify_17782","musicbrainz_7923","0.71"
"spotify_14632","musicbrainz_2621","0.9454545454545454"
"spotify_4596","musicbrainz_14012","1.0"
"spotify_11765","musicbrainz_17745","0.975"
"spotify_3530","musicbrainz_14001","1.0"
"spotify_14724","musicbrainz_11142","1.0"
"spotify_12813","musicbrainz_12871","0.7"
"spotify_14949","musicbrainz_4515","0.9125"
"spotify_16660","musicbrainz_32967","0.9099999999999999"
"spotify_7618","musicbrainz_356","1.0"
"spotify_6993","musicbrainz_14291","1.0"
"spotify_17986","musicbrainz_3539","1.0"
"spotify_11011","musicbrainz_3674","0.9416666666666667"
"spotify_16145","musicbrainz_32470","1.0"
"spotify_3491","musicbrainz_8006","1.0"
"spotify_4775","musicbrainz_12435","0.96"
"spotify_9816","musicbrainz_6350","1.0"
"spotify_313","musicbrainz_16814","0.945"
"spotify_84","musicbrainz_6848","0.97"
"spotify_445","musicbrainz_6047","1.0"
"spotify_13890","musicbrainz_16813","0.9349999999999999"
"spotify_276","musicbrainz_18755","1.0"
"spotify_15909","musicbrainz_17684","1.0"
"spotify_10142","musicbrainz_23566","1.0"
"spotify_7674","musicbrainz_32988","0.9184210526315789"
"spotify_10979","musicbrainz_31959","1.0"
"spotify_4570","musicbrainz_8539","0.9571428571428572"
"spotify_7903","musicbrainz_26723","1.0"
"spotify_2289","musicbrainz_33621","0.7898989898989899"
"spotify_8651","musicbrainz_12661","1.0"
"spotify_5015","musicbrainz_8824","1.0"
"spotify_4426","musicbrainz_20629","1.0"
"spotify_13890","musicbrainz_16794","1.0"
"spotify_14828","musicbrainz_33213","1.0"
"spotify_4649","musicbrainz_17161","1.0"
"spotify_3495","musicbrainz_4577","1.0"
"spotify_4740","musicbrainz_22684","1.0"
"spotify_14691","musicbrainz_32989","0.9147058823529411"
"spotify_12927","musicbrainz_32379","1.0"
"spotify_18805","musicbrainz_25015","0.85"
"spotify_1700","musicbrainz_11033","1.0"
"spotify_11007","musicbrainz_17436","0.95"
"spotify_5474","musicbrainz_19471","1.0"
"spotify_8692","musicbrainz_7932","1.0"
"spotify_6010","musicbrainz_18492","0.9333333333333333"
"spotify_10740","musicbrainz_14871","0.9625"
"spotify_1624","musicbrainz_119","1.0"
"spotify_6705","musicbrainz_790","1.0"
"spotify_11887","musicbrainz_789","1.0"
"spotify_17919","musicbrainz_33853","1.0"
"spotify_18848","musicbrainz_9857","0.9083333333333333"
"spotify_1529","musicbrainz_14859","1.0"
"spotify_10976","musicbrainz_12199","1.0"
"spotify_504","musicbrainz_16690","0.875"
"spotify_8545","musicbrainz_6763","0.9727272727272728"
"spotify_12691","musicbrainz_7961","1.0"
"spotify_9761","musicbrainz_5593","1.0"
"spotify_15572","musicbrainz_30972","0.8588235294117647"
"spotify_15657","musicbrainz_8590","1.0"
"spotify_7005","musicbrainz_19056","1.0"
"spotify_14824","musicbrainz_17966","0.7666666666666667"
"spotify_12761","musicbrainz_30645","1.0"
"spotify_11005","musicbrainz_15701","0.9288461538461539"
"spotify_12831","musicbrainz_381","1.0"
"spotify_10725","musicbrainz_17401","0.9416666666666667"
"spotify_2223","musicbrainz_2595","0.9099999999999999"
"spotify_5786","musicbrainz_24473","0.95"
"spotify_10699","musicbrainz_17339","0.95"
"spotify_16103","musicbrainz_21337","1.0"
"spotify_13874","musicbrainz_25563","0.95"
"spotify_12113","musicbrainz_13485","1.0"
"spotify_19651","musicbrainz_16758","0.7875"
"spotify_14681","musicbrainz_24555","0.9333333333333333"
"spotify_7624","musicbrainz_24334","1.0"
"spotify_10740","musicbrainz_14873","0.9375"
"spotify_12036","musicbrainz_3683","0.8124999999999999"
"spotify_11032","musicbrainz_26901","0.8441176470588234"
"spotify_3771","musicbrainz_25360","1.0"
"spotify_10818","musicbrainz_25800","1.0"
"spotify_4486","musicbrainz_19951","0.8177272727272727"
"spotify_5809","musicbrainz_25024","0.9"
"spotify_14801","musicbrainz_29673","1.0"
"spotify_4474","musicbrainz_25368","0.835"
"spotify_13668","musicbrainz_384","1.0"
"spotify_423","musicbrainz_9861","0.9666666666666667"
"spotify_11701","musicbrainz_2601","0.95"
"spotify_4700","musicbrainz_18182","0.9125"
"spotify_10826","musicbrainz_1926","1.0"
"spotify_4771","musicbrainz_25053","0.8375"
"spotify_352","musicbrainz_14301","0.975"
"spotify_2453","musicbrainz_3035","1.0"
"spotify_4700","musicbrainz_18181","0.9125"
"spotify_401","musicbrainz_27404","0.9647058823529412"
"spotify_10672","musicbrainz_2607","0.95"
"spotify_5543","musicbrainz_28063","0.9321428571428572"
"spotify_12731","musicbrainz_17673","1.0"
"spotify_28","musicbrainz_23547","0.9125"
"spotify_14063","musicbrainz_12221","1.0"
"spotify_5774","musicbrainz_10257","0.95"
"spotify_7703","musicbrainz_1475","1.0"
"spotify_18797","musicbrainz_32335","1.0"
"spotify_18719","musicbrainz_9720","0.9333333333333333"
"spotify_18766","musicbrainz_31965","1.0"
"spotify_17697","musicbrainz_6054","1.0"
"spotify_7607","musicbrainz_18152","1.0"
"spotify_17151","musicbrainz_20446","1.0"
"spotify_12131","musicbrainz_9154","1.0"
"spotify_14581","musicbrainz_25546","1.0"
"spotify_1335","musicbrainz_3505","1.0"
"spotify_8841","musicbrainz_28161","1.0"
"spotify_8558","musicbrainz_30968","0.7"
"spotify_19116","musicbrainz_8829","1.0"
"spotify_18999","musicbrainz_9157","1.0"
"spotify_11787","musicbrainz_14119","1.0"
"spotify_18805","musicbrainz_25052","0.9"
"spotify_9813","musicbrainz_7893","1.0"
"spotify_19486","musicbrainz_20532","1.0"
"spotify_10846","musicbrainz_7890","1.0"
"spotify_12174","musicbrainz_7915","1.0"
"spotify_2500","musicbrainz_16233","0.9142857142857144"
"spotify_19678","musicbrainz_22861","0.8419117647058824"
"spotify_17632","musicbrainz_16236","1.0"
"spotify_17733","musicbrainz_9663","1.0"
"spotify_13156","musicbrainz_29427","0.8833333333333333"
"spotify_15039","musicbrainz_13474","1.0"
"spotify_10775","musicbrainz_6901","0.9571428571428572"
"spotify_16568","musicbrainz_33629","1.0"
"spotify_10948","musicbrainz_12200","1.0"
"spotify_18599","musicbrainz_31956","1.0"
"spotify_1664","musicbrainz_13455","1.0"
"spotify_442","musicbrainz_14861","1.0"
"spotify_9750","musicbrainz_1758","0.825"
"spotify_12173","musicbrainz_13476","1.0"
"spotify_14606","musicbrainz_12315","1.0"
"spotify_17861","musicbrainz_24456","1.0"
"spotify_16756","musicbrainz_18750","1.0"
"spotify_5576","musicbrainz_32993","0.9038461538461539"
"spotify_12073","musicbrainz_28712","1.0"
"spotify_10998","musicbrainz_3534","0.8749999999999999"
"spotify_15802","musicbrainz_4077","1.0"
"spotify_18885","musicbrainz_3431","0.8333333333333333"
"spotify_3697","musicbrainz_3674","0.975"
"spotify_15607","musicbrainz_17664","0.9538461538461539"
"spotify_18650","musicbrainz_31955","1.0"
"spotify_7958","musicbrainz_15695","0.975"
"spotify_15038","musicbrainz_27302","1.0"
"spotify_19579","musicbrainz_8375","1.0"
"spotify_1254","musicbrainz_13468","0.9666666666666667"
"spotify_16822","musicbrainz_27238","1.0"
"spotify_5834","musicbrainz_26972","0.9239130434782609"
"spotify_14761","musicbrainz_12468","0.9147058823529411"
"spotify_4821","musicbrainz_7869","1.0"
"spotify_12868","musicbrainz_19066","0.925"
"spotify_8605","musicbrainz_29229","0.9538461538461539"
"spotify_15655","musicbrainz_1921","0.9400000000000001"
"spotify_3867","musicbrainz_33850","1.0"
"spotify_5800","musicbrainz_29691","0.95"
"spotify_12901","musicbrainz_33211","1.0"
"spotify_16575","musicbrainz_364","0.95625"
"spotify_12077","musicbrainz_15688","0.975"
"spotify_401","musicbrainz_27392","0.9647058823529412"
"spotify_12717","musicbrainz_12320","1.0"
"spotify_10927","musicbrainz_9249","0.95"
"spotify_18639","musicbrainz_13467","1.0"
"spotify_4474","musicbrainz_25369","0.835"
"spotify_15748","musicbrainz_32370","1.0"
"spotify_190","musicbrainz_29382","1.0"
"spotify_1532","musicbrainz_18151","1.0"
"spotify_19686","musicbrainz_2041","1.0"
"spotify_4661","musicbrainz_749","1.0"
"spotify_16685","musicbrainz_6906","0.9"
"spotify_13577","musicbrainz_20640","1.0"
"spotify_19784","musicbrainz_25004","1.0"
"spotify_20380","musicbrainz_24550","0.7192307692307692"
"spotify_6079","musicbrainz_764","1.0"
"spotify_19620","musicbrainz_31957","1.0"
"spotify_9678","musicbrainz_4349","0.945"
"spotify_11820","musicbrainz_1273","1.0"
"spotify_4443","musicbrainz_10713","0.9099999999999999"
"spotify_9878","musicbrainz_17726","1.0"
"spotify_12007","musicbrainz_33389","1.0"
"spotify_19629","musicbrainz_16774","1.0"
"spotify_5605","musicbrainz_3875","1.0"
"spotify_7841","musicbrainz_26728","1.0"
"spotify_15921","musicbrainz_9246","1.0"
"spotify_18641","musicbrainz_5589","1.0"
"spotify_11827","musicbrainz_27375","0.9538461538461539"
"spotify_19778","musicbrainz_28445","1.0"
"spotify_14641","musicbrainz_17336","0.7"
"spotify_2590","musicbrainz_33182","0.9666666666666667"
"spotify_2225","musicbrainz_2599","0.95"
"spotify_17697","musicbrainz_18648","0.9625"
"spotify_14683","musicbrainz_30075","0.9125"
"spotify_17826","musicbrainz_33654","1.0"
"spotify_9652","musicbrainz_28302","1.0"
"spotify_14931","musicbrainz_17976","0.7000000000000001"
"spotify_3555","musicbrainz_27226","1.0"
"spotify_11808","musicbrainz_5583","1.0"
"spotify_13001","musicbrainz_17995","0.7666666666666667"
"spotify_4488","musicbrainz_11140","0.9125"
"spotify_5770","musicbrainz_25020","1.0"
"spotify_10128","musicbrainz_2058","1.0"
"spotify_201","musicbrainz_3531","0.8999999999999999"
"spotify_10050","musicbrainz_1959","1.0"
"spotify_5615","musicbrainz_23988","1.0"
"spotify_11636","musicbrainz_25547","0.9625"
"spotify_10118","musicbrainz_33845","1.0"
"spotify_2644","musicbrainz_6622","1.0"
"spotify_1208","musicbrainz_32639","0.975"
"spotify_18966","musicbrainz_9673","1.0"
"spotify_13705","musicbrainz_22407","1.0"
"spotify_3446","musicbrainz_11185","1.0"
"spotify_10265","musicbrainz_17704","1.0"
"spotify_17038","musicbrainz_7907","1.0"
"spotify_1201","musicbrainz_23985","1.0"
"spotify_16582","musicbrainz_23262","1.0"
"spotify_19722","musicbrainz_2467","0.968421052631579"
"spotify_9690","musicbrainz_32969","0.9214285714285714"
"spotify_5846","musicbrainz_28715","1.0"
"spotify_1309","musicbrainz_14274","1.0"
"spotify_3529","musicbrainz_5816","1.0"
"spotify_2225","musicbrainz_2585","0.9199999999999999"
"spotify_2203","musicbrainz_33825","1.0"
"spotify_533","musicbrainz_16683","0.9083333333333333"
"spotify_17008","musicbrainz_8084","1.0"
"spotify_14714","musicbrainz_11177","1.0"
"spotify_7879","musicbrainz_22048","1.0"
"spotify_7546","musicbrainz_25566","0.875"
"spotify_84","musicbrainz_6881","0.97"
"spotify_9800","musicbrainz_3030","1.0"
"spotify_12858","musicbrainz_32400","1.0"
"spotify_7825","musicbrainz_7457","0.88"
"spotify_13127","musicbrainz_13475","1.0"
"spotify_12133","musicbrainz_13484","1.0"
"spotify_2650","musicbrainz_17429","1.0"
"spotify_4570","musicbrainz_14052","0.9571428571428572"
"spotify_16619","musicbrainz_1941","1.0"
"spotify_13827","musicbrainz_18757","0.975"
"spotify_1573","musicbrainz_3685","1.0"
"spotify_17800","musicbrainz_17961","0.7083333333333334"
"spotify_338","musicbrainz_3429","0.9"
"spotify_19486","musicbrainz_20522","0.96"
"spotify_8205","musicbrainz_16033","0.8999999999999999"
"spotify_10775","musicbrainz_6884","1.0"
"spotify_18885","musicbrainz_3433","0.8583333333333333"
"spotify_2467","musicbrainz_795","0.975"
"spotify_9712","musicbrainz_11137","1.0"
"spotify_12036","musicbrainz_3679","0.8374999999999999"
"spotify_11067","musicbrainz_9867","0.97"
"spotify_9818","musicbrainz_2458","1.0"
